Purchase_Line_id,Transaction_id,Product_name,Quantity,Total_price
000001,1,Motor Oil,8,88.0
000002,1,Gas Premium,27,378.0
000003,1,Diesel,11,49.5
000004,1,Lottery Ticket,36,72.0
000005,2,G-fuel,68,203.32
000006,2,Car Wash,15,75.0
000007,2,Car Wash,82,410.0
000008,2,Car Wash,94,470.0
000009,3,Car Wash,10,50.0
000010,3,Fuel Stabilizer,31,263.5
000011,3,Lottery Ticket,42,84.0
000012,3,Motor Oil,77,847.0
000013,4,Car Wash,4,20.0
000014,4,Dyed Diesel,77,1694.0
000015,4,Dyed Diesel,7,154.0
000016,4,Car Wash,55,275.0
000017,5,Antifreeze,36,540.0
000018,5,Motor Oil,95,1045.0
000019,5,Gasoline,54,432.0
000020,5,Diesel,79,355.5
000021,6,Diesel,88,396.0
000022,6,Lottery Ticket,61,122.0
000023,6,Gas Premium,38,532.0
000024,6,Cigarettes,5,50.0
000025,7,Cigarettes,77,770.0
000026,7,Antifreeze,28,420.0
000027,7,Diesel,90,405.0
000028,7,G-fuel,92,275.08
000029,8,G-fuel,32,95.68
000030,8,Diesel,6,27.0
000031,8,Gasoline,15,120.0
000032,8,Gas Premium,51,714.0
000033,9,Dyed Diesel,10,220.0
000034,9,G-fuel,34,101.66
000035,9,Fuel Injector Cleaner,19,190.0
000036,9,Gas Premium,73,1022.0
000037,10,Motor Oil,23,253.0
000038,10,Antifreeze,86,1290.0
000039,10,Motor Oil,59,649.0
000040,10,Car Wash,91,455.0
000041,11,Motor Oil,42,462.0
000042,11,G-fuel,63,188.37
000043,11,G-fuel,89,266.11
000044,11,Gas Premium,2,28.0
000045,12,Fuel Stabilizer,25,212.5
000046,12,Fuel Stabilizer,13,110.5
000047,12,Motor Oil,99,1089.0
000048,12,Antifreeze,60,900.0
000049,13,Cigarettes,66,660.0
000050,13,Grocery Item,38,190.0
000051,13,Cigarettes,65,650.0
000052,13,Grocery Item,56,280.0
000053,14,Lottery Ticket,9,18.0
000054,14,Dyed Diesel,70,1540.0
000055,14,Car Wash,44,220.0
000056,14,Fuel Injector Cleaner,50,500.0
000057,15,Gasoline,20,160.0
000058,15,Antifreeze,51,765.0
000059,15,Fuel Injector Cleaner,25,250.0
000060,15,Grocery Item,16,80.0
000061,16,Antifreeze,7,105.0
000062,16,Antifreeze,22,330.0
000063,16,Antifreeze,84,1260.0
000064,16,Car Wash,58,290.0
000065,17,Cigarettes,77,770.0
000066,17,Gasoline,86,688.0
000067,17,Dyed Diesel,54,1188.0
000068,17,Car Wash,1,5.0
000069,18,Cigarettes,47,470.0
000070,18,Antifreeze,81,1215.0
000071,18,Fuel Injector Cleaner,76,760.0
000072,18,G-fuel,25,74.75
000073,19,Motor Oil,45,495.0
000074,19,Gasoline,50,400.0
000075,19,G-fuel,89,266.11
000076,19,Dyed Diesel,14,308.0
000077,20,Car Wash,53,265.0
000078,20,Lottery Ticket,82,164.0
000079,20,Fuel Stabilizer,99,841.5
000080,20,Gasoline,44,352.0
000081,21,Dyed Diesel,97,2134.0
000082,21,Gas Premium,36,504.0
000083,21,Antifreeze,57,855.0
000084,21,Dyed Diesel,17,374.0
000085,22,Gasoline,93,744.0
000086,22,Fuel Stabilizer,58,493.0
000087,22,Antifreeze,62,930.0
000088,22,Antifreeze,30,450.0
000089,23,Diesel,55,247.5
000090,23,Dyed Diesel,41,902.0
000091,23,Diesel,97,436.5
000092,23,Gas Premium,49,686.0
000093,24,Fuel Injector Cleaner,74,740.0
000094,24,Antifreeze,8,120.0
000095,24,Gasoline,22,176.0
000096,24,Gas Premium,67,938.0
000097,25,Gasoline,92,736.0
000098,25,G-fuel,30,89.7
000099,25,Dyed Diesel,50,1100.0
000100,25,Fuel Stabilizer,7,59.5
000101,26,Cigarettes,30,300.0
000102,26,Dyed Diesel,84,1848.0
000103,26,G-fuel,68,203.32
000104,26,Motor Oil,79,869.0
000105,27,Grocery Item,92,460.0
000106,27,Cigarettes,45,450.0
000107,27,Dyed Diesel,90,1980.0
000108,27,Fuel Stabilizer,7,59.5
000109,28,Cigarettes,13,130.0
000110,28,Dyed Diesel,57,1254.0
000111,28,Fuel Injector Cleaner,36,360.0
000112,28,Antifreeze,8,120.0
000113,29,Dyed Diesel,20,440.0
000114,29,G-fuel,62,185.38
000115,29,Car Wash,43,215.0
000116,29,Dyed Diesel,58,1276.0
000117,30,Fuel Stabilizer,66,561.0
000118,30,Dyed Diesel,93,2046.0
000119,30,Lottery Ticket,66,132.0
000120,30,Gasoline,47,376.0
000121,31,Dyed Diesel,13,286.0
000122,31,Diesel,91,409.5
000123,31,Diesel,75,337.5
000124,31,Antifreeze,1,15.0
000125,32,Gas Premium,19,266.0
000126,32,Motor Oil,46,506.0
000127,32,Fuel Stabilizer,90,765.0
000128,32,Fuel Stabilizer,41,348.5
000129,33,Antifreeze,46,690.0
000130,33,Diesel,99,445.5
000131,33,Lottery Ticket,11,22.0
000132,33,Antifreeze,14,210.0
000133,34,Cigarettes,1,10.0
000134,34,Antifreeze,70,1050.0
000135,34,Dyed Diesel,74,1628.0
000136,34,Motor Oil,18,198.0
000137,35,Lottery Ticket,48,96.0
000138,35,G-fuel,35,104.65
000139,35,Diesel,63,283.5
000140,35,Fuel Injector Cleaner,66,660.0
000141,36,Cigarettes,81,810.0
000142,36,Gasoline,47,376.0
000143,36,Diesel,63,283.5
000144,36,G-fuel,21,62.79
000145,37,G-fuel,29,86.71
000146,37,Dyed Diesel,33,726.0
000147,37,Grocery Item,98,490.0
000148,37,G-fuel,24,71.76
000149,38,Gas Premium,34,476.0
000150,38,Antifreeze,18,270.0
000151,38,Gas Premium,44,616.0
000152,38,G-fuel,45,134.55
000153,39,Fuel Injector Cleaner,28,280.0
000154,39,G-fuel,50,149.5
000155,39,G-fuel,88,263.12
000156,39,Diesel,23,103.5
000157,40,Gas Premium,14,196.0
000158,40,Lottery Ticket,77,154.0
000159,40,Gasoline,82,656.0
000160,40,Cigarettes,64,640.0
000161,41,Fuel Injector Cleaner,16,160.0
000162,41,Car Wash,47,235.0
000163,41,Fuel Injector Cleaner,58,580.0
000164,41,Fuel Stabilizer,8,68.0
000165,42,Motor Oil,42,462.0
000166,42,Fuel Stabilizer,62,527.0
000167,42,Grocery Item,34,170.0
000168,42,G-fuel,34,101.66
000169,43,Gasoline,41,328.0
000170,43,Fuel Stabilizer,56,476.0
000171,43,Cigarettes,39,390.0
000172,43,Dyed Diesel,8,176.0
000173,44,Diesel,100,450.0
000174,44,Grocery Item,21,105.0
000175,44,Fuel Injector Cleaner,37,370.0
000176,44,Cigarettes,64,640.0
000177,45,Gasoline,3,24.0
000178,45,Antifreeze,82,1230.0
000179,45,Antifreeze,11,165.0
000180,45,G-fuel,99,296.01
000181,46,Cigarettes,40,400.0
000182,46,Antifreeze,83,1245.0
000183,46,Fuel Stabilizer,92,782.0
000184,46,Lottery Ticket,81,162.0
000185,47,Gas Premium,78,1092.0
000186,47,Dyed Diesel,15,330.0
000187,47,Lottery Ticket,33,66.0
000188,47,Motor Oil,28,308.0
000189,48,Fuel Injector Cleaner,92,920.0
000190,48,Lottery Ticket,87,174.0
000191,48,Gas Premium,57,798.0
000192,48,Fuel Stabilizer,54,459.0
000193,49,G-fuel,83,248.17
000194,49,Fuel Stabilizer,69,586.5
000195,49,Grocery Item,92,460.0
000196,49,Motor Oil,52,572.0
000197,50,Diesel,5,22.5
000198,50,Lottery Ticket,51,102.0
000199,50,Antifreeze,1,15.0
000200,50,Cigarettes,32,320.0
000201,51,Fuel Stabilizer,10,85.0
000202,51,G-fuel,57,170.43
000203,51,Motor Oil,2,22.0
000204,51,Fuel Injector Cleaner,9,90.0
000205,52,Motor Oil,68,748.0
000206,52,Gasoline,19,152.0
000207,52,Diesel,39,175.5
000208,52,G-fuel,70,209.3
000209,53,Motor Oil,76,836.0
000210,53,Dyed Diesel,100,2200.0
000211,53,G-fuel,39,116.61
000212,53,Gasoline,60,480.0
000213,54,Diesel,15,67.5
000214,54,Gasoline,57,456.0
000215,54,Fuel Stabilizer,46,391.0
000216,54,Fuel Injector Cleaner,56,560.0
000217,55,Dyed Diesel,69,1518.0
000218,55,Fuel Stabilizer,65,552.5
000219,55,Fuel Stabilizer,81,688.5
000220,55,Fuel Injector Cleaner,93,930.0
000221,56,Car Wash,95,475.0
000222,56,Lottery Ticket,23,46.0
000223,56,Motor Oil,38,418.0
000224,56,Grocery Item,92,460.0
000225,57,Lottery Ticket,77,154.0
000226,57,Gas Premium,39,546.0
000227,57,Grocery Item,30,150.0
000228,57,G-fuel,18,53.82
000229,58,Car Wash,10,50.0
000230,58,Gas Premium,51,714.0
000231,58,Gasoline,95,760.0
000232,58,Lottery Ticket,31,62.0
000233,59,Cigarettes,92,920.0
000234,59,Car Wash,94,470.0
000235,59,Grocery Item,33,165.0
000236,59,Gasoline,72,576.0
000237,60,Fuel Stabilizer,45,382.5
000238,60,Car Wash,74,370.0
000239,60,Fuel Stabilizer,46,391.0
000240,60,Gasoline,97,776.0
000241,61,Grocery Item,4,20.0
000242,61,Motor Oil,41,451.0
000243,61,Fuel Stabilizer,38,323.0
000244,61,Diesel,12,54.0
000245,62,Gasoline,49,392.0
000246,62,G-fuel,4,11.96
000247,62,Fuel Stabilizer,45,382.5
000248,62,Car Wash,55,275.0
000249,63,Fuel Injector Cleaner,41,410.0
000250,63,Motor Oil,40,440.0
000251,63,Fuel Stabilizer,81,688.5
000252,63,Cigarettes,82,820.0
000253,64,Grocery Item,3,15.0
000254,64,Fuel Stabilizer,50,425.0
000255,64,Fuel Injector Cleaner,29,290.0
000256,64,Dyed Diesel,36,792.0
000257,65,Motor Oil,77,847.0
000258,65,Antifreeze,70,1050.0
000259,65,Gas Premium,33,462.0
000260,65,Fuel Injector Cleaner,17,170.0
000261,66,Fuel Stabilizer,6,51.0
000262,66,Fuel Stabilizer,28,238.0
000263,66,Motor Oil,34,374.0
000264,66,Car Wash,19,95.0
000265,67,Motor Oil,80,880.0
000266,67,Dyed Diesel,76,1672.0
000267,67,Fuel Injector Cleaner,68,680.0
000268,67,G-fuel,92,275.08
000269,68,Motor Oil,93,1023.0
000270,68,Car Wash,93,465.0
000271,68,Fuel Stabilizer,33,280.5
000272,68,Fuel Injector Cleaner,75,750.0
000273,69,Grocery Item,58,290.0
000274,69,Grocery Item,32,160.0
000275,69,Fuel Injector Cleaner,47,470.0
000276,69,Cigarettes,35,350.0
000277,70,Antifreeze,77,1155.0
000278,70,Dyed Diesel,67,1474.0
000279,70,Car Wash,76,380.0
000280,70,Cigarettes,91,910.0
000281,71,Grocery Item,60,300.0
000282,71,Gasoline,1,8.0
000283,71,Fuel Injector Cleaner,15,150.0
000284,71,Motor Oil,59,649.0
000285,72,G-fuel,95,284.05
000286,72,Cigarettes,87,870.0
000287,72,Gas Premium,53,742.0
000288,72,Fuel Injector Cleaner,47,470.0
000289,73,Grocery Item,47,235.0
000290,73,Dyed Diesel,54,1188.0
000291,73,Gas Premium,63,882.0
000292,73,Diesel,95,427.5
000293,74,Gasoline,14,112.0
000294,74,Fuel Stabilizer,28,238.0
000295,74,Diesel,50,225.0
000296,74,Diesel,52,234.0
000297,75,G-fuel,14,41.86
000298,75,Lottery Ticket,63,126.0
000299,75,Fuel Stabilizer,80,680.0
000300,75,Gasoline,12,96.0
000301,76,Gas Premium,49,686.0
000302,76,Lottery Ticket,64,128.0
000303,76,Dyed Diesel,56,1232.0
000304,76,Gas Premium,50,700.0
000305,77,Diesel,1,4.5
000306,77,Dyed Diesel,39,858.0
000307,77,Gasoline,46,368.0
000308,77,Gas Premium,69,966.0
000309,78,Car Wash,6,30.0
000310,78,Dyed Diesel,9,198.0
000311,78,Fuel Stabilizer,41,348.5
000312,78,Car Wash,35,175.0
000313,79,Lottery Ticket,86,172.0
000314,79,Fuel Injector Cleaner,83,830.0
000315,79,G-fuel,92,275.08
000316,79,Cigarettes,84,840.0
000317,80,Grocery Item,99,495.0
000318,80,Fuel Stabilizer,33,280.5
000319,80,Gas Premium,16,224.0
000320,80,Diesel,4,18.0
000321,81,Fuel Injector Cleaner,46,460.0
000322,81,G-fuel,81,242.19
000323,81,Grocery Item,23,115.0
000324,81,Car Wash,34,170.0
000325,82,Fuel Injector Cleaner,3,30.0
000326,82,Gasoline,23,184.0
000327,82,G-fuel,97,290.03
000328,82,Fuel Injector Cleaner,93,930.0
000329,83,Antifreeze,62,930.0
000330,83,Car Wash,74,370.0
000331,83,Cigarettes,15,150.0
000332,83,Fuel Stabilizer,78,663.0
000333,84,Gasoline,5,40.0
000334,84,G-fuel,31,92.69
000335,84,Cigarettes,93,930.0
000336,84,Cigarettes,89,890.0
000337,85,Antifreeze,52,780.0
000338,85,Antifreeze,43,645.0
000339,85,Gasoline,92,736.0
000340,85,Fuel Stabilizer,52,442.0
000341,86,Diesel,6,27.0
000342,86,Motor Oil,8,88.0
000343,86,Diesel,86,387.0
000344,86,Gas Premium,72,1008.0
000345,87,G-fuel,43,128.57
000346,87,Fuel Stabilizer,78,663.0
000347,87,Diesel,20,90.0
000348,87,Grocery Item,31,155.0
000349,88,Gasoline,85,680.0
000350,88,Car Wash,40,200.0
000351,88,Fuel Injector Cleaner,2,20.0
000352,88,Lottery Ticket,1,2.0
000353,89,G-fuel,30,89.7
000354,89,Fuel Injector Cleaner,37,370.0
000355,89,Lottery Ticket,30,60.0
000356,89,Motor Oil,94,1034.0
000357,90,Fuel Stabilizer,72,612.0
000358,90,Antifreeze,75,1125.0
000359,90,Fuel Stabilizer,88,748.0
000360,90,Gas Premium,48,672.0
000361,91,Dyed Diesel,26,572.0
000362,91,Car Wash,88,440.0
000363,91,Motor Oil,2,22.0
000364,91,G-fuel,42,125.58
000365,92,Gas Premium,57,798.0
000366,92,Grocery Item,35,175.0
000367,92,Lottery Ticket,78,156.0
000368,92,Fuel Stabilizer,4,34.0
000369,93,Lottery Ticket,30,60.0
000370,93,Diesel,94,423.0
000371,93,Cigarettes,69,690.0
000372,93,Gasoline,36,288.0
000373,94,Diesel,86,387.0
000374,94,Grocery Item,97,485.0
000375,94,Diesel,58,261.0
000376,94,Fuel Injector Cleaner,60,600.0
000377,95,G-fuel,89,266.11
000378,95,Cigarettes,98,980.0
000379,95,G-fuel,50,149.5
000380,95,Antifreeze,41,615.0
000381,96,Car Wash,60,300.0
000382,96,Motor Oil,7,77.0
000383,96,Antifreeze,65,975.0
000384,96,Car Wash,95,475.0
000385,97,Gasoline,73,584.0
000386,97,Lottery Ticket,87,174.0
000387,97,Fuel Stabilizer,84,714.0
000388,97,Car Wash,98,490.0
000389,98,Gas Premium,1,14.0
000390,98,Motor Oil,24,264.0
000391,98,Motor Oil,20,220.0
000392,98,Fuel Stabilizer,30,255.0
000393,99,Diesel,23,103.5
000394,99,Car Wash,42,210.0
000395,99,Car Wash,69,345.0
000396,99,Gas Premium,43,602.0
000397,100,G-fuel,20,59.8
000398,100,Gasoline,53,424.0
000399,100,Lottery Ticket,63,126.0
000400,100,Lottery Ticket,26,52.0
000401,101,Diesel,99,445.5
000402,101,G-fuel,4,11.96
000403,101,Fuel Injector Cleaner,95,950.0
000404,101,Dyed Diesel,57,1254.0
000405,102,Fuel Stabilizer,65,552.5
000406,102,Antifreeze,96,1440.0
000407,102,Fuel Injector Cleaner,47,470.0
000408,102,Cigarettes,62,620.0
000409,103,Diesel,12,54.0
000410,103,Fuel Stabilizer,59,501.5
000411,103,Gasoline,9,72.0
000412,103,G-fuel,59,176.41
000413,104,Grocery Item,97,485.0
000414,104,Grocery Item,57,285.0
000415,104,Cigarettes,68,680.0
000416,104,Cigarettes,78,780.0
000417,105,Cigarettes,18,180.0
000418,105,G-fuel,46,137.54
000419,105,Lottery Ticket,10,20.0
000420,105,Cigarettes,75,750.0
000421,106,Fuel Injector Cleaner,26,260.0
000422,106,Lottery Ticket,72,144.0
000423,106,Grocery Item,36,180.0
000424,106,Motor Oil,96,1056.0
000425,107,Cigarettes,89,890.0
000426,107,Motor Oil,75,825.0
000427,107,Gasoline,10,80.0
000428,107,Gasoline,31,248.0
000429,108,Car Wash,80,400.0
000430,108,Diesel,52,234.0
000431,108,Gasoline,34,272.0
000432,108,Gasoline,34,272.0
000433,109,Gas Premium,52,728.0
000434,109,Fuel Stabilizer,98,833.0
000435,109,Grocery Item,33,165.0
000436,109,Car Wash,70,350.0
000437,110,Lottery Ticket,96,192.0
000438,110,Fuel Stabilizer,44,374.0
000439,110,Car Wash,10,50.0
000440,110,G-fuel,83,248.17
000441,111,Cigarettes,60,600.0
000442,111,Grocery Item,71,355.0
000443,111,Dyed Diesel,24,528.0
000444,111,Cigarettes,10,100.0
000445,112,Motor Oil,89,979.0
000446,112,Gas Premium,16,224.0
000447,112,Antifreeze,29,435.0
000448,112,Fuel Stabilizer,44,374.0
000449,113,Car Wash,2,10.0
000450,113,Diesel,61,274.5
000451,113,Gas Premium,85,1190.0
000452,113,Motor Oil,22,242.0
000453,114,Motor Oil,86,946.0
000454,114,Fuel Injector Cleaner,19,190.0
000455,114,Diesel,25,112.5
000456,114,Fuel Injector Cleaner,18,180.0
000457,115,Grocery Item,30,150.0
000458,115,Lottery Ticket,59,118.0
000459,115,Motor Oil,50,550.0
000460,115,Grocery Item,58,290.0
000461,116,Motor Oil,5,55.0
000462,116,Fuel Stabilizer,42,357.0
000463,116,Diesel,69,310.5
000464,116,Fuel Injector Cleaner,87,870.0
000465,117,Fuel Stabilizer,48,408.0
000466,117,Car Wash,59,295.0
000467,117,Grocery Item,10,50.0
000468,117,Gasoline,36,288.0
000469,118,Lottery Ticket,94,188.0
000470,118,Gas Premium,46,644.0
000471,118,Car Wash,72,360.0
000472,118,Lottery Ticket,25,50.0
000473,119,Cigarettes,5,50.0
000474,119,Dyed Diesel,86,1892.0
000475,119,Antifreeze,12,180.0
000476,119,Fuel Injector Cleaner,30,300.0
000477,120,Gas Premium,75,1050.0
000478,120,G-fuel,9,26.91
000479,120,Diesel,38,171.0
000480,120,Antifreeze,40,600.0
000481,121,Dyed Diesel,32,704.0
000482,121,Gasoline,71,568.0
000483,121,Antifreeze,46,690.0
000484,121,G-fuel,84,251.16
000485,122,Diesel,2,9.0
000486,122,Lottery Ticket,85,170.0
000487,122,Lottery Ticket,71,142.0
000488,122,Car Wash,92,460.0
000489,123,G-fuel,74,221.26
000490,123,Motor Oil,10,110.0
000491,123,Fuel Injector Cleaner,49,490.0
000492,123,Cigarettes,88,880.0
000493,124,Lottery Ticket,20,40.0
000494,124,Grocery Item,62,310.0
000495,124,Grocery Item,25,125.0
000496,124,Gasoline,69,552.0
000497,125,Dyed Diesel,52,1144.0
000498,125,G-fuel,48,143.52
000499,125,Lottery Ticket,92,184.0
000500,125,Lottery Ticket,5,10.0
000501,126,Motor Oil,87,957.0
000502,126,Cigarettes,91,910.0
000503,126,Grocery Item,47,235.0
000504,126,Grocery Item,74,370.0
000505,127,Car Wash,77,385.0
000506,127,Antifreeze,19,285.0
000507,127,Diesel,18,81.0
000508,127,Motor Oil,50,550.0
000509,128,Grocery Item,6,30.0
000510,128,Dyed Diesel,24,528.0
000511,128,Motor Oil,73,803.0
000512,128,Antifreeze,71,1065.0
000513,129,Diesel,52,234.0
000514,129,Grocery Item,99,495.0
000515,129,Car Wash,17,85.0
000516,129,Motor Oil,7,77.0
000517,130,Dyed Diesel,21,462.0
000518,130,Gasoline,56,448.0
000519,130,Antifreeze,86,1290.0
000520,130,Antifreeze,56,840.0
000521,131,Antifreeze,86,1290.0
000522,131,Gas Premium,8,112.0
000523,131,Motor Oil,93,1023.0
000524,131,Motor Oil,8,88.0
000525,132,Car Wash,30,150.0
000526,132,Antifreeze,87,1305.0
000527,132,Gas Premium,6,84.0
000528,132,Fuel Injector Cleaner,50,500.0
000529,133,Motor Oil,55,605.0
000530,133,Lottery Ticket,67,134.0
000531,133,Lottery Ticket,42,84.0
000532,133,Fuel Injector Cleaner,24,240.0
000533,134,Dyed Diesel,15,330.0
000534,134,Lottery Ticket,34,68.0
000535,134,Dyed Diesel,5,110.0
000536,134,Gas Premium,24,336.0
000537,135,Fuel Injector Cleaner,23,230.0
000538,135,Motor Oil,79,869.0
000539,135,Diesel,53,238.5
000540,135,Cigarettes,68,680.0
000541,136,Diesel,19,85.5
000542,136,Lottery Ticket,72,144.0
000543,136,Motor Oil,27,297.0
000544,136,Fuel Injector Cleaner,83,830.0
000545,137,Cigarettes,20,200.0
000546,137,Diesel,19,85.5
000547,137,Grocery Item,11,55.0
000548,137,Cigarettes,65,650.0
000549,138,Fuel Injector Cleaner,61,610.0
000550,138,Lottery Ticket,56,112.0
000551,138,Gasoline,12,96.0
000552,138,Motor Oil,72,792.0
000553,139,Lottery Ticket,84,168.0
000554,139,G-fuel,62,185.38
000555,139,Cigarettes,69,690.0
000556,139,Gasoline,55,440.0
000557,140,Grocery Item,41,205.0
000558,140,Dyed Diesel,80,1760.0
000559,140,Antifreeze,91,1365.0
000560,140,Motor Oil,30,330.0
000561,141,Lottery Ticket,95,190.0
000562,141,Car Wash,68,340.0
000563,141,Cigarettes,7,70.0
000564,141,Gasoline,15,120.0
000565,142,Dyed Diesel,69,1518.0
000566,142,Cigarettes,10,100.0
000567,142,Diesel,65,292.5
000568,142,Dyed Diesel,92,2024.0
000569,143,Gas Premium,16,224.0
000570,143,Dyed Diesel,66,1452.0
000571,143,Motor Oil,46,506.0
000572,143,Antifreeze,57,855.0
000573,144,G-fuel,95,284.05
000574,144,Grocery Item,18,90.0
000575,144,G-fuel,29,86.71
000576,144,Fuel Injector Cleaner,85,850.0
000577,145,Antifreeze,85,1275.0
000578,145,G-fuel,51,152.49
000579,145,Gas Premium,82,1148.0
000580,145,Motor Oil,21,231.0
000581,146,Dyed Diesel,88,1936.0
000582,146,Gasoline,74,592.0
000583,146,G-fuel,22,65.78
000584,146,Motor Oil,8,88.0
000585,147,Fuel Stabilizer,6,51.0
000586,147,Fuel Stabilizer,35,297.5
000587,147,Gas Premium,76,1064.0
000588,147,Fuel Stabilizer,53,450.5
000589,148,Antifreeze,28,420.0
000590,148,Grocery Item,79,395.0
000591,148,Lottery Ticket,16,32.0
000592,148,Fuel Injector Cleaner,54,540.0
000593,149,Dyed Diesel,44,968.0
000594,149,Antifreeze,35,525.0
000595,149,Cigarettes,3,30.0
000596,149,Grocery Item,78,390.0
000597,150,Gas Premium,20,280.0
000598,150,G-fuel,69,206.31
000599,150,Motor Oil,96,1056.0
000600,150,Gasoline,12,96.0
000601,151,Diesel,83,373.5
000602,151,Antifreeze,36,540.0
000603,151,Fuel Injector Cleaner,21,210.0
000604,151,Diesel,68,306.0
000605,152,Fuel Stabilizer,99,841.5
000606,152,Grocery Item,95,475.0
000607,152,Gasoline,61,488.0
000608,152,Lottery Ticket,85,170.0
000609,153,Grocery Item,34,170.0
000610,153,Motor Oil,89,979.0
000611,153,Grocery Item,95,475.0
000612,153,Gasoline,23,184.0
000613,154,Gasoline,91,728.0
000614,154,Gas Premium,72,1008.0
000615,154,Diesel,78,351.0
000616,154,Motor Oil,94,1034.0
000617,155,Cigarettes,95,950.0
000618,155,G-fuel,91,272.09
000619,155,Fuel Stabilizer,10,85.0
000620,155,Fuel Stabilizer,26,221.0
000621,156,Diesel,70,315.0
000622,156,Gas Premium,9,126.0
000623,156,Fuel Stabilizer,14,119.0
000624,156,Fuel Injector Cleaner,97,970.0
000625,157,G-fuel,90,269.1
000626,157,Fuel Stabilizer,86,731.0
000627,157,Gas Premium,90,1260.0
000628,157,Grocery Item,51,255.0
000629,158,Antifreeze,62,930.0
000630,158,Diesel,11,49.5
000631,158,Antifreeze,63,945.0
000632,158,Car Wash,39,195.0
000633,159,Gas Premium,32,448.0
000634,159,Motor Oil,93,1023.0
000635,159,Dyed Diesel,32,704.0
000636,159,Antifreeze,17,255.0
000637,160,Dyed Diesel,24,528.0
000638,160,Motor Oil,30,330.0
000639,160,Car Wash,98,490.0
000640,160,Motor Oil,59,649.0
000641,161,Gas Premium,58,812.0
000642,161,Gas Premium,42,588.0
000643,161,Dyed Diesel,76,1672.0
000644,161,Diesel,80,360.0
000645,162,Diesel,51,229.5
000646,162,Fuel Stabilizer,88,748.0
000647,162,Antifreeze,20,300.0
000648,162,Antifreeze,76,1140.0
000649,163,Cigarettes,87,870.0
000650,163,Gasoline,12,96.0
000651,163,Grocery Item,4,20.0
000652,163,Fuel Injector Cleaner,17,170.0
000653,164,Lottery Ticket,28,56.0
000654,164,Diesel,78,351.0
000655,164,Fuel Injector Cleaner,16,160.0
000656,164,Diesel,5,22.5
000657,165,Dyed Diesel,57,1254.0
000658,165,Dyed Diesel,73,1606.0
000659,165,Motor Oil,97,1067.0
000660,165,Gasoline,82,656.0
000661,166,Antifreeze,12,180.0
000662,166,Cigarettes,81,810.0
000663,166,Grocery Item,77,385.0
000664,166,G-fuel,3,8.97
000665,167,Dyed Diesel,76,1672.0
000666,167,Diesel,73,328.5
000667,167,Gasoline,28,224.0
000668,167,Car Wash,31,155.0
000669,168,Gas Premium,12,168.0
000670,168,Lottery Ticket,45,90.0
000671,168,Antifreeze,89,1335.0
000672,168,Lottery Ticket,13,26.0
000673,169,Dyed Diesel,18,396.0
000674,169,Antifreeze,4,60.0
000675,169,Cigarettes,50,500.0
000676,169,Diesel,41,184.5
000677,170,Gasoline,17,136.0
000678,170,Grocery Item,38,190.0
000679,170,Fuel Stabilizer,64,544.0
000680,170,Cigarettes,90,900.0
000681,171,Antifreeze,22,330.0
000682,171,Gasoline,12,96.0
000683,171,Dyed Diesel,75,1650.0
000684,171,Lottery Ticket,52,104.0
000685,172,Grocery Item,73,365.0
000686,172,Grocery Item,38,190.0
000687,172,Fuel Injector Cleaner,76,760.0
000688,172,Antifreeze,41,615.0
000689,173,G-fuel,14,41.86
000690,173,Fuel Injector Cleaner,53,530.0
000691,173,Motor Oil,24,264.0
000692,173,Antifreeze,59,885.0
000693,174,Grocery Item,71,355.0
000694,174,G-fuel,16,47.84
000695,174,G-fuel,32,95.68
000696,174,Grocery Item,77,385.0
000697,175,Antifreeze,15,225.0
000698,175,Fuel Stabilizer,2,17.0
000699,175,G-fuel,76,227.24
000700,175,Fuel Stabilizer,16,136.0
000701,176,Antifreeze,22,330.0
000702,176,Gas Premium,6,84.0
000703,176,Antifreeze,31,465.0
000704,176,Dyed Diesel,42,924.0
000705,177,Motor Oil,36,396.0
000706,177,Diesel,45,202.5
000707,177,Gas Premium,12,168.0
000708,177,Fuel Stabilizer,46,391.0
000709,178,Diesel,75,337.5
000710,178,Fuel Stabilizer,69,586.5
000711,178,Fuel Injector Cleaner,54,540.0
000712,178,Diesel,1,4.5
000713,179,Antifreeze,48,720.0
000714,179,Grocery Item,30,150.0
000715,179,Fuel Injector Cleaner,87,870.0
000716,179,Gasoline,21,168.0
000717,180,Fuel Injector Cleaner,24,240.0
000718,180,Lottery Ticket,95,190.0
000719,180,Dyed Diesel,66,1452.0
000720,180,Diesel,16,72.0
000721,181,Fuel Stabilizer,81,688.5
000722,181,Fuel Stabilizer,76,646.0
000723,181,Motor Oil,4,44.0
000724,181,G-fuel,50,149.5
000725,182,G-fuel,59,176.41
000726,182,Dyed Diesel,64,1408.0
000727,182,Dyed Diesel,26,572.0
000728,182,Grocery Item,67,335.0
000729,183,G-fuel,77,230.23
000730,183,Cigarettes,39,390.0
000731,183,Lottery Ticket,55,110.0
000732,183,Fuel Injector Cleaner,42,420.0
000733,184,Dyed Diesel,39,858.0
000734,184,Lottery Ticket,37,74.0
000735,184,Grocery Item,16,80.0
000736,184,G-fuel,84,251.16
000737,185,Cigarettes,17,170.0
000738,185,Car Wash,31,155.0
000739,185,Gasoline,79,632.0
000740,185,Car Wash,73,365.0
000741,186,Gasoline,22,176.0
000742,186,Cigarettes,2,20.0
000743,186,Lottery Ticket,51,102.0
000744,186,Lottery Ticket,47,94.0
000745,187,Gas Premium,10,140.0
000746,187,Gas Premium,59,826.0
000747,187,Cigarettes,67,670.0
000748,187,Fuel Stabilizer,99,841.5
000749,188,Car Wash,68,340.0
000750,188,Antifreeze,100,1500.0
000751,188,Fuel Injector Cleaner,75,750.0
000752,188,Lottery Ticket,57,114.0
000753,189,Car Wash,58,290.0
000754,189,Motor Oil,100,1100.0
000755,189,Gasoline,99,792.0
000756,189,Car Wash,83,415.0
000757,190,G-fuel,55,164.45
000758,190,Fuel Stabilizer,18,153.0
000759,190,Grocery Item,46,230.0
000760,190,Fuel Stabilizer,83,705.5
000761,191,Dyed Diesel,68,1496.0
000762,191,Grocery Item,34,170.0
000763,191,Diesel,75,337.5
000764,191,Grocery Item,37,185.0
000765,192,Grocery Item,53,265.0
000766,192,G-fuel,52,155.48
000767,192,Lottery Ticket,53,106.0
000768,192,G-fuel,73,218.27
000769,193,Gas Premium,97,1358.0
000770,193,Diesel,1,4.5
000771,193,Diesel,49,220.5
000772,193,G-fuel,72,215.28
000773,194,Fuel Stabilizer,91,773.5
000774,194,Gasoline,74,592.0
000775,194,Gas Premium,78,1092.0
000776,194,Grocery Item,71,355.0
000777,195,Fuel Injector Cleaner,71,710.0
000778,195,Fuel Injector Cleaner,21,210.0
000779,195,Gasoline,64,512.0
000780,195,Diesel,87,391.5
000781,196,Lottery Ticket,45,90.0
000782,196,Cigarettes,59,590.0
000783,196,G-fuel,98,293.02
000784,196,Gas Premium,47,658.0
000785,197,Dyed Diesel,11,242.0
000786,197,Car Wash,65,325.0
000787,197,Fuel Stabilizer,79,671.5
000788,197,Motor Oil,66,726.0
000789,198,G-fuel,86,257.14
000790,198,Dyed Diesel,13,286.0
000791,198,Gas Premium,68,952.0
000792,198,Motor Oil,19,209.0
000793,199,Fuel Injector Cleaner,51,510.0
000794,199,Car Wash,86,430.0
000795,199,Gas Premium,24,336.0
000796,199,Antifreeze,28,420.0
000797,200,Motor Oil,15,165.0
000798,200,Grocery Item,51,255.0
000799,200,Fuel Stabilizer,52,442.0
000800,200,Fuel Stabilizer,3,25.5
000801,201,Gas Premium,38,532.0
000802,201,Diesel,2,9.0
000803,201,Grocery Item,34,170.0
000804,201,Fuel Stabilizer,32,272.0
000805,202,Gas Premium,55,770.0
000806,202,Gas Premium,4,56.0
000807,202,Diesel,42,189.0
000808,202,Motor Oil,98,1078.0
000809,203,Gas Premium,80,1120.0
000810,203,Motor Oil,92,1012.0
000811,203,Cigarettes,94,940.0
000812,203,Lottery Ticket,75,150.0
000813,204,Motor Oil,46,506.0
000814,204,Diesel,4,18.0
000815,204,Diesel,76,342.0
000816,204,Motor Oil,42,462.0
000817,205,Gas Premium,61,854.0
000818,205,G-fuel,24,71.76
000819,205,Dyed Diesel,4,88.0
000820,205,Car Wash,4,20.0
000821,206,Motor Oil,21,231.0
000822,206,Gasoline,95,760.0
000823,206,G-fuel,82,245.18
000824,206,Grocery Item,2,10.0
000825,207,Dyed Diesel,38,836.0
000826,207,Dyed Diesel,80,1760.0
000827,207,G-fuel,61,182.39
000828,207,Antifreeze,93,1395.0
000829,208,Fuel Injector Cleaner,35,350.0
000830,208,Cigarettes,5,50.0
000831,208,Fuel Injector Cleaner,37,370.0
000832,208,G-fuel,94,281.06
000833,209,Motor Oil,34,374.0
000834,209,Fuel Stabilizer,11,93.5
000835,209,Fuel Injector Cleaner,11,110.0
000836,209,Dyed Diesel,99,2178.0
000837,210,Gasoline,81,648.0
000838,210,Antifreeze,52,780.0
000839,210,Fuel Stabilizer,45,382.5
000840,210,Fuel Injector Cleaner,29,290.0
000841,211,G-fuel,95,284.05
000842,211,Grocery Item,64,320.0
000843,211,Gas Premium,65,910.0
000844,211,Lottery Ticket,33,66.0
000845,212,Diesel,100,450.0
000846,212,Fuel Stabilizer,91,773.5
000847,212,G-fuel,78,233.22
000848,212,Gas Premium,39,546.0
000849,213,Lottery Ticket,36,72.0
000850,213,Fuel Stabilizer,61,518.5
000851,213,Antifreeze,92,1380.0
000852,213,Lottery Ticket,71,142.0
000853,214,G-fuel,27,80.73
000854,214,Motor Oil,70,770.0
000855,214,Diesel,22,99.0
000856,214,Cigarettes,26,260.0
000857,215,Lottery Ticket,46,92.0
000858,215,Dyed Diesel,20,440.0
000859,215,Lottery Ticket,2,4.0
000860,215,Grocery Item,90,450.0
000861,216,Antifreeze,65,975.0
000862,216,Fuel Injector Cleaner,26,260.0
000863,216,Grocery Item,38,190.0
000864,216,Diesel,53,238.5
000865,217,Gas Premium,24,336.0
000866,217,G-fuel,52,155.48
000867,217,Dyed Diesel,66,1452.0
000868,217,Fuel Stabilizer,31,263.5
000869,218,Gas Premium,43,602.0
000870,218,Cigarettes,77,770.0
000871,218,Fuel Stabilizer,73,620.5
000872,218,Gasoline,96,768.0
000873,219,Car Wash,38,190.0
000874,219,Fuel Stabilizer,44,374.0
000875,219,Lottery Ticket,93,186.0
000876,219,Grocery Item,37,185.0
000877,220,Fuel Injector Cleaner,15,150.0
000878,220,Car Wash,45,225.0
000879,220,Gasoline,91,728.0
000880,220,Gas Premium,2,28.0
000881,221,Diesel,95,427.5
000882,221,G-fuel,19,56.81
000883,221,Diesel,15,67.5
000884,221,Dyed Diesel,72,1584.0
000885,222,Dyed Diesel,40,880.0
000886,222,Fuel Injector Cleaner,4,40.0
000887,222,Dyed Diesel,91,2002.0
000888,222,Car Wash,69,345.0
000889,223,Motor Oil,82,902.0
000890,223,Car Wash,94,470.0
000891,223,Diesel,12,54.0
000892,223,Cigarettes,25,250.0
000893,224,Grocery Item,8,40.0
000894,224,Car Wash,13,65.0
000895,224,Car Wash,86,430.0
000896,224,Lottery Ticket,61,122.0
000897,225,G-fuel,28,83.72
000898,225,Grocery Item,39,195.0
000899,225,Fuel Injector Cleaner,9,90.0
000900,225,Fuel Injector Cleaner,35,350.0
000901,226,Fuel Injector Cleaner,95,950.0
000902,226,Motor Oil,23,253.0
000903,226,Diesel,97,436.5
000904,226,Cigarettes,18,180.0
000905,227,Gas Premium,88,1232.0
000906,227,Gas Premium,78,1092.0
000907,227,G-fuel,6,17.94
000908,227,G-fuel,7,20.93
000909,228,Fuel Injector Cleaner,43,430.0
000910,228,Gasoline,22,176.0
000911,228,Car Wash,24,120.0
000912,228,G-fuel,34,101.66
000913,229,Cigarettes,26,260.0
000914,229,Gasoline,37,296.0
000915,229,Gasoline,41,328.0
000916,229,Antifreeze,59,885.0
000917,230,G-fuel,22,65.78
000918,230,Antifreeze,37,555.0
000919,230,Grocery Item,5,25.0
000920,230,Dyed Diesel,12,264.0
000921,231,Grocery Item,38,190.0
000922,231,Motor Oil,98,1078.0
000923,231,Gasoline,82,656.0
000924,231,Lottery Ticket,31,62.0
000925,232,Lottery Ticket,55,110.0
000926,232,Fuel Stabilizer,92,782.0
000927,232,Diesel,48,216.0
000928,232,Lottery Ticket,64,128.0
000929,233,Fuel Stabilizer,32,272.0
000930,233,Gasoline,18,144.0
000931,233,Gasoline,55,440.0
000932,233,Dyed Diesel,42,924.0
000933,234,Fuel Injector Cleaner,4,40.0
000934,234,Motor Oil,38,418.0
000935,234,Car Wash,54,270.0
000936,234,Lottery Ticket,74,148.0
000937,235,Grocery Item,76,380.0
000938,235,Lottery Ticket,44,88.0
000939,235,Car Wash,42,210.0
000940,235,Gas Premium,5,70.0
000941,236,Diesel,79,355.5
000942,236,Grocery Item,34,170.0
000943,236,Diesel,89,400.5
000944,236,Gas Premium,10,140.0
000945,237,Grocery Item,99,495.0
000946,237,Gasoline,70,560.0
000947,237,Dyed Diesel,58,1276.0
000948,237,Gas Premium,50,700.0
000949,238,Fuel Stabilizer,59,501.5
000950,238,Motor Oil,54,594.0
000951,238,Gas Premium,6,84.0
000952,238,Cigarettes,51,510.0
000953,239,Antifreeze,8,120.0
000954,239,Motor Oil,3,33.0
000955,239,G-fuel,47,140.53
000956,239,Cigarettes,3,30.0
000957,240,Fuel Stabilizer,42,357.0
000958,240,Diesel,92,414.0
000959,240,Car Wash,68,340.0
000960,240,Gas Premium,42,588.0
000961,241,Car Wash,26,130.0
000962,241,Dyed Diesel,18,396.0
000963,241,Dyed Diesel,80,1760.0
000964,241,Diesel,87,391.5
000965,242,Fuel Stabilizer,99,841.5
000966,242,Grocery Item,96,480.0
000967,242,Gas Premium,62,868.0
000968,242,Fuel Injector Cleaner,60,600.0
000969,243,G-fuel,5,14.95
000970,243,Gasoline,23,184.0
000971,243,Grocery Item,33,165.0
000972,243,Diesel,91,409.5
000973,244,G-fuel,36,107.64
000974,244,Diesel,91,409.5
000975,244,Dyed Diesel,26,572.0
000976,244,Motor Oil,61,671.0
000977,245,Cigarettes,51,510.0
000978,245,Dyed Diesel,5,110.0
000979,245,Fuel Stabilizer,27,229.5
000980,245,Antifreeze,50,750.0
000981,246,Lottery Ticket,95,190.0
000982,246,Fuel Stabilizer,20,170.0
000983,246,Antifreeze,39,585.0
000984,246,G-fuel,40,119.6
000985,247,Cigarettes,50,500.0
000986,247,Lottery Ticket,79,158.0
000987,247,Fuel Stabilizer,83,705.5
000988,247,Gas Premium,95,1330.0
000989,248,Lottery Ticket,8,16.0
000990,248,Car Wash,8,40.0
000991,248,Lottery Ticket,56,112.0
000992,248,Gasoline,11,88.0
000993,249,Fuel Stabilizer,91,773.5
000994,249,Diesel,22,99.0
000995,249,Gasoline,15,120.0
000996,249,Gas Premium,85,1190.0
000997,250,Dyed Diesel,59,1298.0
000998,250,Diesel,60,270.0
000999,250,Fuel Stabilizer,93,790.5
001000,250,Grocery Item,29,145.0
001001,251,Gasoline,81,648.0
001002,251,Lottery Ticket,95,190.0
001003,251,Gasoline,58,464.0
001004,251,Antifreeze,70,1050.0
001005,252,Gas Premium,74,1036.0
001006,252,Diesel,59,265.5
001007,252,Fuel Stabilizer,35,297.5
001008,252,Dyed Diesel,80,1760.0
001009,253,Car Wash,95,475.0
001010,253,Car Wash,79,395.0
001011,253,Gasoline,5,40.0
001012,253,Lottery Ticket,66,132.0
001013,254,Motor Oil,57,627.0
001014,254,Diesel,99,445.5
001015,254,Grocery Item,98,490.0
001016,254,Dyed Diesel,25,550.0
001017,255,Motor Oil,69,759.0
001018,255,Gas Premium,82,1148.0
001019,255,G-fuel,7,20.93
001020,255,Fuel Injector Cleaner,34,340.0
001021,256,Lottery Ticket,51,102.0
001022,256,Gasoline,78,624.0
001023,256,Fuel Injector Cleaner,60,600.0
001024,256,Cigarettes,28,280.0
001025,257,Diesel,43,193.5
001026,257,Car Wash,24,120.0
001027,257,G-fuel,98,293.02
001028,257,Grocery Item,58,290.0
001029,258,G-fuel,70,209.3
001030,258,Gasoline,93,744.0
001031,258,Antifreeze,52,780.0
001032,258,Diesel,25,112.5
001033,259,Motor Oil,45,495.0
001034,259,Fuel Stabilizer,17,144.5
001035,259,Gasoline,23,184.0
001036,259,Lottery Ticket,89,178.0
001037,260,Car Wash,51,255.0
001038,260,Fuel Injector Cleaner,33,330.0
001039,260,Fuel Stabilizer,98,833.0
001040,260,Gas Premium,63,882.0
001041,261,G-fuel,25,74.75
001042,261,Cigarettes,60,600.0
001043,261,Car Wash,22,110.0
001044,261,Grocery Item,63,315.0
001045,262,Gasoline,67,536.0
001046,262,Gasoline,31,248.0
001047,262,Grocery Item,70,350.0
001048,262,G-fuel,67,200.33
001049,263,Dyed Diesel,64,1408.0
001050,263,Cigarettes,75,750.0
001051,263,Motor Oil,10,110.0
001052,263,Gas Premium,100,1400.0
001053,264,Antifreeze,81,1215.0
001054,264,Car Wash,64,320.0
001055,264,Diesel,58,261.0
001056,264,Dyed Diesel,67,1474.0
001057,265,Motor Oil,88,968.0
001058,265,G-fuel,50,149.5
001059,265,Fuel Injector Cleaner,93,930.0
001060,265,Antifreeze,99,1485.0
001061,266,Lottery Ticket,96,192.0
001062,266,Cigarettes,22,220.0
001063,266,Cigarettes,90,900.0
001064,266,Lottery Ticket,53,106.0
001065,267,Lottery Ticket,78,156.0
001066,267,Gas Premium,85,1190.0
001067,267,Fuel Stabilizer,1,8.5
001068,267,Cigarettes,62,620.0
001069,268,Grocery Item,49,245.0
001070,268,Cigarettes,81,810.0
001071,268,Motor Oil,94,1034.0
001072,268,Cigarettes,4,40.0
001073,269,Car Wash,1,5.0
001074,269,Fuel Injector Cleaner,14,140.0
001075,269,Grocery Item,62,310.0
001076,269,Grocery Item,31,155.0
001077,270,Gas Premium,78,1092.0
001078,270,Gasoline,63,504.0
001079,270,Motor Oil,48,528.0
001080,270,Diesel,80,360.0
001081,271,G-fuel,10,29.9
001082,271,Diesel,97,436.5
001083,271,Motor Oil,15,165.0
001084,271,G-fuel,52,155.48
001085,272,Diesel,49,220.5
001086,272,Car Wash,3,15.0
001087,272,Gasoline,68,544.0
001088,272,Lottery Ticket,5,10.0
001089,273,Motor Oil,6,66.0
001090,273,Fuel Injector Cleaner,41,410.0
001091,273,Antifreeze,35,525.0
001092,273,Grocery Item,86,430.0
001093,274,Car Wash,99,495.0
001094,274,Fuel Injector Cleaner,43,430.0
001095,274,G-fuel,22,65.78
001096,274,Car Wash,32,160.0
001097,275,Grocery Item,71,355.0
001098,275,Lottery Ticket,37,74.0
001099,275,Car Wash,16,80.0
001100,275,Gasoline,100,800.0
001101,276,Dyed Diesel,75,1650.0
001102,276,Grocery Item,86,430.0
001103,276,Car Wash,95,475.0
001104,276,Dyed Diesel,45,990.0
001105,277,Diesel,99,445.5
001106,277,Gasoline,46,368.0
001107,277,Fuel Injector Cleaner,91,910.0
001108,277,Gasoline,72,576.0
001109,278,Antifreeze,51,765.0
001110,278,Fuel Injector Cleaner,23,230.0
001111,278,Dyed Diesel,68,1496.0
001112,278,G-fuel,45,134.55
001113,279,Gas Premium,5,70.0
001114,279,Gasoline,17,136.0
001115,279,Antifreeze,40,600.0
001116,279,Car Wash,2,10.0
001117,280,Dyed Diesel,81,1782.0
001118,280,G-fuel,6,17.94
001119,280,Motor Oil,95,1045.0
001120,280,Antifreeze,69,1035.0
001121,281,Diesel,52,234.0
001122,281,Motor Oil,76,836.0
001123,281,Dyed Diesel,26,572.0
001124,281,Cigarettes,96,960.0
001125,282,Lottery Ticket,57,114.0
001126,282,Fuel Injector Cleaner,63,630.0
001127,282,Diesel,78,351.0
001128,282,Fuel Injector Cleaner,8,80.0
001129,283,Gas Premium,58,812.0
001130,283,Lottery Ticket,4,8.0
001131,283,Fuel Injector Cleaner,55,550.0
001132,283,Motor Oil,10,110.0
001133,284,Gas Premium,64,896.0
001134,284,Diesel,46,207.0
001135,284,Diesel,64,288.0
001136,284,Diesel,36,162.0
001137,285,Car Wash,21,105.0
001138,285,G-fuel,47,140.53
001139,285,Lottery Ticket,17,34.0
001140,285,Gasoline,61,488.0
001141,286,Dyed Diesel,62,1364.0
001142,286,Grocery Item,30,150.0
001143,286,Gasoline,95,760.0
001144,286,Antifreeze,91,1365.0
001145,287,Motor Oil,49,539.0
001146,287,Car Wash,53,265.0
001147,287,Diesel,34,153.0
001148,287,Dyed Diesel,40,880.0
001149,288,Fuel Stabilizer,35,297.5
001150,288,Dyed Diesel,26,572.0
001151,288,Fuel Injector Cleaner,14,140.0
001152,288,Car Wash,87,435.0
001153,289,Cigarettes,61,610.0
001154,289,Car Wash,56,280.0
001155,289,Diesel,51,229.5
001156,289,Car Wash,93,465.0
001157,290,Fuel Injector Cleaner,66,660.0
001158,290,Cigarettes,75,750.0
001159,290,Dyed Diesel,7,154.0
001160,290,Diesel,8,36.0
001161,291,Antifreeze,70,1050.0
001162,291,Fuel Injector Cleaner,83,830.0
001163,291,G-fuel,60,179.4
001164,291,Diesel,85,382.5
001165,292,Gasoline,66,528.0
001166,292,Gasoline,74,592.0
001167,292,Cigarettes,76,760.0
001168,292,Gasoline,32,256.0
001169,293,G-fuel,86,257.14
001170,293,Antifreeze,80,1200.0
001171,293,Antifreeze,11,165.0
001172,293,Motor Oil,1,11.0
001173,294,Fuel Injector Cleaner,54,540.0
001174,294,Car Wash,58,290.0
001175,294,Motor Oil,83,913.0
001176,294,Lottery Ticket,36,72.0
001177,295,Motor Oil,60,660.0
001178,295,Fuel Injector Cleaner,82,820.0
001179,295,Car Wash,45,225.0
001180,295,Grocery Item,99,495.0
001181,296,Gas Premium,16,224.0
001182,296,Car Wash,51,255.0
001183,296,Fuel Stabilizer,75,637.5
001184,296,Dyed Diesel,44,968.0
001185,297,Antifreeze,23,345.0
001186,297,Gasoline,49,392.0
001187,297,Gasoline,95,760.0
001188,297,Car Wash,76,380.0
001189,298,Cigarettes,48,480.0
001190,298,Cigarettes,22,220.0
001191,298,Cigarettes,26,260.0
001192,298,Dyed Diesel,19,418.0
001193,299,Cigarettes,78,780.0
001194,299,Antifreeze,78,1170.0
001195,299,Lottery Ticket,68,136.0
001196,299,G-fuel,13,38.87
001197,300,Gas Premium,48,672.0
001198,300,Dyed Diesel,90,1980.0
001199,300,Gas Premium,2,28.0
001200,300,Fuel Injector Cleaner,2,20.0
001201,301,Gas Premium,88,1232.0
001202,301,Antifreeze,42,630.0
001203,301,Fuel Injector Cleaner,38,380.0
001204,301,Gasoline,72,576.0
001205,302,Car Wash,44,220.0
001206,302,Gas Premium,25,350.0
001207,302,Diesel,77,346.5
001208,302,Gas Premium,14,196.0
001209,303,Diesel,52,234.0
001210,303,Gas Premium,16,224.0
001211,303,Cigarettes,6,60.0
001212,303,Gasoline,95,760.0
001213,304,Antifreeze,27,405.0
001214,304,Gas Premium,41,574.0
001215,304,Cigarettes,35,350.0
001216,304,G-fuel,9,26.91
001217,305,Car Wash,10,50.0
001218,305,Car Wash,54,270.0
001219,305,Antifreeze,17,255.0
001220,305,Grocery Item,73,365.0
001221,306,Car Wash,23,115.0
001222,306,Fuel Injector Cleaner,77,770.0
001223,306,Car Wash,78,390.0
001224,306,Fuel Injector Cleaner,54,540.0
001225,307,Dyed Diesel,62,1364.0
001226,307,Gasoline,87,696.0
001227,307,Fuel Injector Cleaner,67,670.0
001228,307,Cigarettes,31,310.0
001229,308,Lottery Ticket,66,132.0
001230,308,Diesel,24,108.0
001231,308,Motor Oil,78,858.0
001232,308,Motor Oil,36,396.0
001233,309,Lottery Ticket,9,18.0
001234,309,Fuel Injector Cleaner,15,150.0
001235,309,Cigarettes,75,750.0
001236,309,Diesel,70,315.0
001237,310,Fuel Stabilizer,59,501.5
001238,310,Gas Premium,6,84.0
001239,310,Car Wash,77,385.0
001240,310,G-fuel,49,146.51
001241,311,Fuel Stabilizer,63,535.5
001242,311,Fuel Injector Cleaner,58,580.0
001243,311,Grocery Item,40,200.0
001244,311,Diesel,60,270.0
001245,312,Gas Premium,99,1386.0
001246,312,Car Wash,73,365.0
001247,312,Gas Premium,99,1386.0
001248,312,Diesel,77,346.5
001249,313,Fuel Injector Cleaner,5,50.0
001250,313,Dyed Diesel,28,616.0
001251,313,Lottery Ticket,27,54.0
001252,313,Car Wash,28,140.0
001253,314,Car Wash,6,30.0
001254,314,Dyed Diesel,47,1034.0
001255,314,Diesel,20,90.0
001256,314,Gas Premium,43,602.0
001257,315,Lottery Ticket,72,144.0
001258,315,Fuel Stabilizer,89,756.5
001259,315,Gasoline,54,432.0
001260,315,Car Wash,49,245.0
001261,316,Motor Oil,77,847.0
001262,316,Lottery Ticket,62,124.0
001263,316,Dyed Diesel,28,616.0
001264,316,Motor Oil,26,286.0
001265,317,Lottery Ticket,7,14.0
001266,317,Gas Premium,74,1036.0
001267,317,Gasoline,85,680.0
001268,317,Gasoline,59,472.0
001269,318,Car Wash,49,245.0
001270,318,Motor Oil,36,396.0
001271,318,Fuel Stabilizer,68,578.0
001272,318,Lottery Ticket,34,68.0
001273,319,Fuel Stabilizer,31,263.5
001274,319,Fuel Stabilizer,61,518.5
001275,319,Fuel Injector Cleaner,71,710.0
001276,319,Fuel Injector Cleaner,60,600.0
001277,320,Antifreeze,62,930.0
001278,320,Motor Oil,64,704.0
001279,320,Fuel Stabilizer,63,535.5
001280,320,Dyed Diesel,18,396.0
001281,321,Gasoline,13,104.0
001282,321,Gas Premium,77,1078.0
001283,321,Motor Oil,71,781.0
001284,321,Antifreeze,67,1005.0
001285,322,G-fuel,48,143.52
001286,322,Grocery Item,27,135.0
001287,322,Car Wash,24,120.0
001288,322,Gasoline,80,640.0
001289,323,Gasoline,77,616.0
001290,323,Grocery Item,32,160.0
001291,323,G-fuel,38,113.62
001292,323,Dyed Diesel,72,1584.0
001293,324,Antifreeze,14,210.0
001294,324,Diesel,8,36.0
001295,324,Motor Oil,51,561.0
001296,324,Lottery Ticket,8,16.0
001297,325,Grocery Item,44,220.0
001298,325,Cigarettes,60,600.0
001299,325,Grocery Item,31,155.0
001300,325,Fuel Stabilizer,73,620.5
001301,326,Gas Premium,13,182.0
001302,326,Cigarettes,1,10.0
001303,326,Dyed Diesel,47,1034.0
001304,326,Diesel,33,148.5
001305,327,Lottery Ticket,67,134.0
001306,327,Fuel Stabilizer,50,425.0
001307,327,Antifreeze,11,165.0
001308,327,Dyed Diesel,96,2112.0
001309,328,Fuel Stabilizer,53,450.5
001310,328,Diesel,74,333.0
001311,328,Antifreeze,24,360.0
001312,328,Antifreeze,74,1110.0
001313,329,Dyed Diesel,49,1078.0
001314,329,Gas Premium,47,658.0
001315,329,Cigarettes,14,140.0
001316,329,Lottery Ticket,16,32.0
001317,330,Gasoline,11,88.0
001318,330,Dyed Diesel,8,176.0
001319,330,G-fuel,43,128.57
001320,330,G-fuel,5,14.95
001321,331,Gas Premium,7,98.0
001322,331,Fuel Stabilizer,19,161.5
001323,331,Fuel Injector Cleaner,56,560.0
001324,331,Gasoline,74,592.0
001325,332,Fuel Stabilizer,38,323.0
001326,332,Cigarettes,41,410.0
001327,332,Fuel Injector Cleaner,65,650.0
001328,332,Gasoline,6,48.0
001329,333,Fuel Injector Cleaner,6,60.0
001330,333,G-fuel,80,239.2
001331,333,Dyed Diesel,3,66.0
001332,333,Gas Premium,65,910.0
001333,334,G-fuel,65,194.35
001334,334,Gas Premium,60,840.0
001335,334,Dyed Diesel,78,1716.0
001336,334,Gasoline,3,24.0
001337,335,Fuel Injector Cleaner,39,390.0
001338,335,Car Wash,16,80.0
001339,335,Lottery Ticket,96,192.0
001340,335,Lottery Ticket,43,86.0
001341,336,Gas Premium,11,154.0
001342,336,Cigarettes,85,850.0
001343,336,Lottery Ticket,30,60.0
001344,336,Car Wash,22,110.0
001345,337,Car Wash,56,280.0
001346,337,Fuel Injector Cleaner,89,890.0
001347,337,Gasoline,24,192.0
001348,337,Fuel Injector Cleaner,33,330.0
001349,338,Cigarettes,34,340.0
001350,338,Fuel Injector Cleaner,27,270.0
001351,338,Motor Oil,51,561.0
001352,338,Car Wash,44,220.0
001353,339,G-fuel,31,92.69
001354,339,Motor Oil,78,858.0
001355,339,Antifreeze,23,345.0
001356,339,Gasoline,93,744.0
001357,340,Antifreeze,97,1455.0
001358,340,Dyed Diesel,14,308.0
001359,340,Motor Oil,26,286.0
001360,340,Lottery Ticket,18,36.0
001361,341,Dyed Diesel,10,220.0
001362,341,Fuel Stabilizer,30,255.0
001363,341,Grocery Item,45,225.0
001364,341,Dyed Diesel,90,1980.0
001365,342,Fuel Stabilizer,11,93.5
001366,342,Antifreeze,59,885.0
001367,342,Dyed Diesel,63,1386.0
001368,342,Grocery Item,23,115.0
001369,343,Motor Oil,20,220.0
001370,343,G-fuel,10,29.9
001371,343,G-fuel,47,140.53
001372,343,Car Wash,21,105.0
001373,344,Gas Premium,61,854.0
001374,344,Dyed Diesel,42,924.0
001375,344,Gas Premium,57,798.0
001376,344,Car Wash,86,430.0
001377,345,G-fuel,20,59.8
001378,345,Motor Oil,40,440.0
001379,345,Dyed Diesel,68,1496.0
001380,345,Grocery Item,81,405.0
001381,346,Car Wash,8,40.0
001382,346,Car Wash,92,460.0
001383,346,Grocery Item,90,450.0
001384,346,Fuel Stabilizer,36,306.0
001385,347,Cigarettes,63,630.0
001386,347,Fuel Stabilizer,6,51.0
001387,347,Lottery Ticket,72,144.0
001388,347,Fuel Stabilizer,60,510.0
001389,348,Cigarettes,76,760.0
001390,348,Antifreeze,1,15.0
001391,348,Diesel,40,180.0
001392,348,G-fuel,42,125.58
001393,349,Fuel Stabilizer,90,765.0
001394,349,Lottery Ticket,91,182.0
001395,349,Dyed Diesel,82,1804.0
001396,349,Antifreeze,24,360.0
001397,350,Lottery Ticket,92,184.0
001398,350,G-fuel,54,161.46
001399,350,Grocery Item,13,65.0
001400,350,Gasoline,57,456.0
001401,351,Antifreeze,25,375.0
001402,351,Antifreeze,67,1005.0
001403,351,Fuel Stabilizer,28,238.0
001404,351,Grocery Item,21,105.0
001405,352,Grocery Item,48,240.0
001406,352,Antifreeze,72,1080.0
001407,352,Fuel Stabilizer,70,595.0
001408,352,Gas Premium,74,1036.0
001409,353,Fuel Stabilizer,8,68.0
001410,353,Dyed Diesel,68,1496.0
001411,353,Fuel Stabilizer,3,25.5
001412,353,Diesel,77,346.5
001413,354,Fuel Injector Cleaner,11,110.0
001414,354,Lottery Ticket,26,52.0
001415,354,Motor Oil,86,946.0
001416,354,Lottery Ticket,88,176.0
001417,355,Fuel Stabilizer,17,144.5
001418,355,Fuel Stabilizer,4,34.0
001419,355,Motor Oil,24,264.0
001420,355,Gasoline,49,392.0
001421,356,Fuel Injector Cleaner,57,570.0
001422,356,Motor Oil,90,990.0
001423,356,Car Wash,27,135.0
001424,356,Lottery Ticket,31,62.0
001425,357,Cigarettes,60,600.0
001426,357,Diesel,5,22.5
001427,357,Fuel Stabilizer,25,212.5
001428,357,Antifreeze,73,1095.0
001429,358,Diesel,72,324.0
001430,358,G-fuel,69,206.31
001431,358,Fuel Stabilizer,41,348.5
001432,358,Car Wash,87,435.0
001433,359,Grocery Item,58,290.0
001434,359,Antifreeze,71,1065.0
001435,359,Fuel Injector Cleaner,39,390.0
001436,359,Car Wash,27,135.0
001437,360,G-fuel,79,236.21
001438,360,Cigarettes,38,380.0
001439,360,Grocery Item,81,405.0
001440,360,Fuel Injector Cleaner,41,410.0
001441,361,Antifreeze,79,1185.0
001442,361,Diesel,95,427.5
001443,361,Dyed Diesel,20,440.0
001444,361,Fuel Injector Cleaner,58,580.0
001445,362,Grocery Item,70,350.0
001446,362,Fuel Stabilizer,3,25.5
001447,362,G-fuel,64,191.36
001448,362,Diesel,54,243.0
001449,363,Car Wash,51,255.0
001450,363,Cigarettes,9,90.0
001451,363,Gas Premium,79,1106.0
001452,363,G-fuel,29,86.71
001453,364,Grocery Item,24,120.0
001454,364,Gasoline,9,72.0
001455,364,Dyed Diesel,85,1870.0
001456,364,Dyed Diesel,82,1804.0
001457,365,Diesel,10,45.0
001458,365,Car Wash,33,165.0
001459,365,Fuel Injector Cleaner,90,900.0
001460,365,Diesel,80,360.0
001461,366,G-fuel,77,230.23
001462,366,Grocery Item,61,305.0
001463,366,Diesel,83,373.5
001464,366,Gasoline,26,208.0
001465,367,Motor Oil,74,814.0
001466,367,Fuel Stabilizer,1,8.5
001467,367,Gasoline,76,608.0
001468,367,Grocery Item,15,75.0
001469,368,Lottery Ticket,51,102.0
001470,368,Fuel Stabilizer,47,399.5
001471,368,Gasoline,39,312.0
001472,368,Motor Oil,20,220.0
001473,369,Grocery Item,24,120.0
001474,369,Car Wash,48,240.0
001475,369,Car Wash,33,165.0
001476,369,Gas Premium,28,392.0
001477,370,Lottery Ticket,74,148.0
001478,370,Gasoline,18,144.0
001479,370,Antifreeze,37,555.0
001480,370,Gasoline,96,768.0
001481,371,Car Wash,87,435.0
001482,371,Gasoline,100,800.0
001483,371,Car Wash,22,110.0
001484,371,Motor Oil,46,506.0
001485,372,Cigarettes,73,730.0
001486,372,Cigarettes,67,670.0
001487,372,Fuel Stabilizer,91,773.5
001488,372,Grocery Item,74,370.0
001489,373,Gasoline,18,144.0
001490,373,Diesel,79,355.5
001491,373,Dyed Diesel,5,110.0
001492,373,Cigarettes,58,580.0
001493,374,Gas Premium,19,266.0
001494,374,Dyed Diesel,87,1914.0
001495,374,Gasoline,76,608.0
001496,374,Antifreeze,12,180.0
001497,375,Lottery Ticket,17,34.0
001498,375,Gasoline,66,528.0
001499,375,Fuel Injector Cleaner,99,990.0
001500,375,Gasoline,12,96.0
001501,376,G-fuel,89,266.11
001502,376,Antifreeze,13,195.0
001503,376,Fuel Stabilizer,51,433.5
001504,376,Antifreeze,89,1335.0
001505,377,Diesel,45,202.5
001506,377,Fuel Injector Cleaner,20,200.0
001507,377,Motor Oil,62,682.0
001508,377,Car Wash,63,315.0
001509,378,Diesel,69,310.5
001510,378,Fuel Injector Cleaner,99,990.0
001511,378,Gas Premium,20,280.0
001512,378,Gas Premium,98,1372.0
001513,379,G-fuel,58,173.42
001514,379,Car Wash,7,35.0
001515,379,Car Wash,57,285.0
001516,379,Lottery Ticket,4,8.0
001517,380,Diesel,97,436.5
001518,380,Cigarettes,60,600.0
001519,380,Antifreeze,50,750.0
001520,380,Antifreeze,55,825.0
001521,381,G-fuel,26,77.74
001522,381,G-fuel,68,203.32
001523,381,Diesel,86,387.0
001524,381,Cigarettes,20,200.0
001525,382,Dyed Diesel,2,44.0
001526,382,Fuel Injector Cleaner,97,970.0
001527,382,Dyed Diesel,69,1518.0
001528,382,G-fuel,85,254.15
001529,383,Diesel,1,4.5
001530,383,Gasoline,54,432.0
001531,383,Fuel Injector Cleaner,88,880.0
001532,383,G-fuel,23,68.77
001533,384,Fuel Injector Cleaner,42,420.0
001534,384,Car Wash,82,410.0
001535,384,Cigarettes,15,150.0
001536,384,Gasoline,26,208.0
001537,385,Dyed Diesel,2,44.0
001538,385,Grocery Item,85,425.0
001539,385,Grocery Item,96,480.0
001540,385,Gasoline,73,584.0
001541,386,Gas Premium,39,546.0
001542,386,Grocery Item,36,180.0
001543,386,Gasoline,41,328.0
001544,386,Grocery Item,36,180.0
001545,387,Fuel Stabilizer,66,561.0
001546,387,Antifreeze,51,765.0
001547,387,Gasoline,6,48.0
001548,387,Antifreeze,15,225.0
001549,388,Gasoline,89,712.0
001550,388,Dyed Diesel,43,946.0
001551,388,Antifreeze,5,75.0
001552,388,Cigarettes,58,580.0
001553,389,Dyed Diesel,64,1408.0
001554,389,Motor Oil,10,110.0
001555,389,Gasoline,72,576.0
001556,389,Fuel Stabilizer,86,731.0
001557,390,Diesel,14,63.0
001558,390,Diesel,43,193.5
001559,390,Fuel Injector Cleaner,36,360.0
001560,390,Diesel,76,342.0
001561,391,Cigarettes,48,480.0
001562,391,G-fuel,2,5.98
001563,391,G-fuel,50,149.5
001564,391,Fuel Injector Cleaner,52,520.0
001565,392,Cigarettes,30,300.0
001566,392,Dyed Diesel,31,682.0
001567,392,Lottery Ticket,76,152.0
001568,392,Motor Oil,44,484.0
001569,393,Cigarettes,4,40.0
001570,393,Motor Oil,55,605.0
001571,393,G-fuel,48,143.52
001572,393,Lottery Ticket,58,116.0
001573,394,G-fuel,75,224.25
001574,394,Gas Premium,33,462.0
001575,394,G-fuel,43,128.57
001576,394,Diesel,10,45.0
001577,395,G-fuel,71,212.29
001578,395,Gasoline,1,8.0
001579,395,Dyed Diesel,17,374.0
001580,395,Fuel Injector Cleaner,18,180.0
001581,396,Lottery Ticket,79,158.0
001582,396,Diesel,80,360.0
001583,396,Grocery Item,92,460.0
001584,396,Gas Premium,71,994.0
001585,397,Car Wash,37,185.0
001586,397,Gasoline,70,560.0
001587,397,Cigarettes,16,160.0
001588,397,Gas Premium,26,364.0
001589,398,Motor Oil,5,55.0
001590,398,Car Wash,35,175.0
001591,398,Cigarettes,9,90.0
001592,398,Antifreeze,71,1065.0
001593,399,G-fuel,18,53.82
001594,399,G-fuel,45,134.55
001595,399,Car Wash,43,215.0
001596,399,G-fuel,61,182.39
001597,400,Dyed Diesel,19,418.0
001598,400,Gas Premium,68,952.0
001599,400,Car Wash,34,170.0
001600,400,Lottery Ticket,52,104.0
001601,401,Car Wash,11,55.0
001602,401,Gas Premium,61,854.0
001603,401,G-fuel,19,56.81
001604,401,Diesel,90,405.0
001605,402,Dyed Diesel,65,1430.0
001606,402,Fuel Injector Cleaner,19,190.0
001607,402,Lottery Ticket,19,38.0
001608,402,Fuel Injector Cleaner,53,530.0
001609,403,Motor Oil,77,847.0
001610,403,Lottery Ticket,48,96.0
001611,403,Fuel Injector Cleaner,47,470.0
001612,403,Lottery Ticket,37,74.0
001613,404,Lottery Ticket,33,66.0
001614,404,Grocery Item,55,275.0
001615,404,Antifreeze,97,1455.0
001616,404,Gasoline,97,776.0
001617,405,Fuel Stabilizer,27,229.5
001618,405,Fuel Injector Cleaner,14,140.0
001619,405,Grocery Item,75,375.0
001620,405,Gasoline,3,24.0
001621,406,Dyed Diesel,11,242.0
001622,406,G-fuel,3,8.97
001623,406,Grocery Item,90,450.0
001624,406,Dyed Diesel,51,1122.0
001625,407,Grocery Item,6,30.0
001626,407,Dyed Diesel,89,1958.0
001627,407,Car Wash,60,300.0
001628,407,Gasoline,5,40.0
001629,408,Lottery Ticket,76,152.0
001630,408,Fuel Stabilizer,31,263.5
001631,408,Motor Oil,72,792.0
001632,408,Grocery Item,11,55.0
001633,409,Gasoline,61,488.0
001634,409,Gasoline,42,336.0
001635,409,Dyed Diesel,33,726.0
001636,409,Dyed Diesel,59,1298.0
001637,410,Motor Oil,100,1100.0
001638,410,Cigarettes,23,230.0
001639,410,Fuel Stabilizer,27,229.5
001640,410,Gasoline,79,632.0
001641,411,Antifreeze,35,525.0
001642,411,Diesel,16,72.0
001643,411,Dyed Diesel,60,1320.0
001644,411,Motor Oil,73,803.0
001645,412,Fuel Stabilizer,69,586.5
001646,412,Dyed Diesel,100,2200.0
001647,412,Car Wash,85,425.0
001648,412,Grocery Item,29,145.0
001649,413,Grocery Item,48,240.0
001650,413,Lottery Ticket,75,150.0
001651,413,Fuel Stabilizer,58,493.0
001652,413,Dyed Diesel,91,2002.0
001653,414,Grocery Item,48,240.0
001654,414,Gasoline,37,296.0
001655,414,Cigarettes,45,450.0
001656,414,Lottery Ticket,21,42.0
001657,415,Motor Oil,31,341.0
001658,415,Cigarettes,6,60.0
001659,415,Motor Oil,89,979.0
001660,415,Antifreeze,29,435.0
001661,416,Cigarettes,100,1000.0
001662,416,Dyed Diesel,71,1562.0
001663,416,Gasoline,66,528.0
001664,416,Lottery Ticket,64,128.0
001665,417,G-fuel,16,47.84
001666,417,Gasoline,18,144.0
001667,417,Lottery Ticket,76,152.0
001668,417,Diesel,52,234.0
001669,418,Antifreeze,46,690.0
001670,418,Gas Premium,93,1302.0
001671,418,Dyed Diesel,33,726.0
001672,418,Gas Premium,74,1036.0
001673,419,G-fuel,66,197.34
001674,419,Dyed Diesel,71,1562.0
001675,419,Antifreeze,80,1200.0
001676,419,Grocery Item,53,265.0
001677,420,Cigarettes,6,60.0
001678,420,Motor Oil,19,209.0
001679,420,G-fuel,15,44.85
001680,420,G-fuel,58,173.42
001681,421,Lottery Ticket,89,178.0
001682,421,G-fuel,75,224.25
001683,421,Fuel Stabilizer,100,850.0
001684,421,Fuel Injector Cleaner,76,760.0
001685,422,G-fuel,26,77.74
001686,422,Diesel,68,306.0
001687,422,Gas Premium,65,910.0
001688,422,Gasoline,1,8.0
001689,423,Gasoline,10,80.0
001690,423,Gas Premium,83,1162.0
001691,423,Gasoline,52,416.0
001692,423,Cigarettes,9,90.0
001693,424,Dyed Diesel,79,1738.0
001694,424,Diesel,60,270.0
001695,424,Diesel,47,211.5
001696,424,Car Wash,29,145.0
001697,425,Lottery Ticket,12,24.0
001698,425,Gas Premium,89,1246.0
001699,425,Dyed Diesel,58,1276.0
001700,425,Gas Premium,94,1316.0
001701,426,Grocery Item,55,275.0
001702,426,Fuel Stabilizer,74,629.0
001703,426,Car Wash,96,480.0
001704,426,Motor Oil,60,660.0
001705,427,Dyed Diesel,4,88.0
001706,427,G-fuel,61,182.39
001707,427,Grocery Item,33,165.0
001708,427,Fuel Injector Cleaner,44,440.0
001709,428,Gasoline,99,792.0
001710,428,Fuel Injector Cleaner,31,310.0
001711,428,Dyed Diesel,42,924.0
001712,428,Car Wash,72,360.0
001713,429,Antifreeze,37,555.0
001714,429,Fuel Stabilizer,86,731.0
001715,429,G-fuel,53,158.47
001716,429,Diesel,38,171.0
001717,430,Lottery Ticket,86,172.0
001718,430,Gas Premium,27,378.0
001719,430,Gas Premium,94,1316.0
001720,430,Motor Oil,72,792.0
001721,431,Gasoline,6,48.0
001722,431,Fuel Injector Cleaner,19,190.0
001723,431,Cigarettes,26,260.0
001724,431,Gas Premium,19,266.0
001725,432,Grocery Item,11,55.0
001726,432,Gasoline,98,784.0
001727,432,Dyed Diesel,89,1958.0
001728,432,Gas Premium,26,364.0
001729,433,Gasoline,74,592.0
001730,433,Gasoline,91,728.0
001731,433,Gasoline,44,352.0
001732,433,Antifreeze,81,1215.0
001733,434,Fuel Injector Cleaner,98,980.0
001734,434,Motor Oil,15,165.0
001735,434,Fuel Injector Cleaner,41,410.0
001736,434,Lottery Ticket,22,44.0
001737,435,Cigarettes,52,520.0
001738,435,Lottery Ticket,63,126.0
001739,435,Lottery Ticket,91,182.0
001740,435,Antifreeze,69,1035.0
001741,436,Car Wash,97,485.0
001742,436,Motor Oil,37,407.0
001743,436,G-fuel,71,212.29
001744,436,Fuel Injector Cleaner,18,180.0
001745,437,Gasoline,10,80.0
001746,437,Gasoline,98,784.0
001747,437,Car Wash,78,390.0
001748,437,Car Wash,5,25.0
001749,438,Grocery Item,18,90.0
001750,438,Diesel,44,198.0
001751,438,Gas Premium,82,1148.0
001752,438,Diesel,14,63.0
001753,439,Cigarettes,38,380.0
001754,439,Antifreeze,64,960.0
001755,439,Motor Oil,92,1012.0
001756,439,Antifreeze,34,510.0
001757,440,Lottery Ticket,97,194.0
001758,440,Cigarettes,9,90.0
001759,440,Motor Oil,67,737.0
001760,440,G-fuel,7,20.93
001761,441,Car Wash,59,295.0
001762,441,Fuel Stabilizer,14,119.0
001763,441,Fuel Stabilizer,60,510.0
001764,441,Fuel Stabilizer,79,671.5
001765,442,Antifreeze,16,240.0
001766,442,Diesel,21,94.5
001767,442,Lottery Ticket,35,70.0
001768,442,Dyed Diesel,71,1562.0
001769,443,Grocery Item,28,140.0
001770,443,Cigarettes,86,860.0
001771,443,Cigarettes,74,740.0
001772,443,Gas Premium,15,210.0
001773,444,Gas Premium,55,770.0
001774,444,Gas Premium,65,910.0
001775,444,Motor Oil,81,891.0
001776,444,Dyed Diesel,9,198.0
001777,445,Motor Oil,44,484.0
001778,445,Grocery Item,42,210.0
001779,445,Cigarettes,79,790.0
001780,445,Car Wash,69,345.0
001781,446,Diesel,82,369.0
001782,446,Cigarettes,92,920.0
001783,446,Gas Premium,76,1064.0
001784,446,Car Wash,2,10.0
001785,447,Cigarettes,89,890.0
001786,447,Fuel Injector Cleaner,99,990.0
001787,447,Diesel,3,13.5
001788,447,Fuel Stabilizer,10,85.0
001789,448,Diesel,29,130.5
001790,448,Fuel Stabilizer,79,671.5
001791,448,Diesel,10,45.0
001792,448,Diesel,7,31.5
001793,449,Cigarettes,93,930.0
001794,449,Gas Premium,42,588.0
001795,449,G-fuel,96,287.04
001796,449,Cigarettes,25,250.0
001797,450,G-fuel,85,254.15
001798,450,Grocery Item,6,30.0
001799,450,Motor Oil,89,979.0
001800,450,Grocery Item,80,400.0
001801,451,Diesel,99,445.5
001802,451,G-fuel,23,68.77
001803,451,Gas Premium,66,924.0
001804,451,Cigarettes,26,260.0
001805,452,Antifreeze,76,1140.0
001806,452,Fuel Stabilizer,63,535.5
001807,452,Lottery Ticket,45,90.0
001808,452,Motor Oil,33,363.0
001809,453,Gasoline,88,704.0
001810,453,Diesel,77,346.5
001811,453,G-fuel,53,158.47
001812,453,Lottery Ticket,71,142.0
001813,454,Car Wash,56,280.0
001814,454,Antifreeze,71,1065.0
001815,454,G-fuel,58,173.42
001816,454,Grocery Item,62,310.0
001817,455,Lottery Ticket,62,124.0
001818,455,Dyed Diesel,17,374.0
001819,455,Dyed Diesel,77,1694.0
001820,455,Lottery Ticket,95,190.0
001821,456,Lottery Ticket,14,28.0
001822,456,Antifreeze,18,270.0
001823,456,Motor Oil,94,1034.0
001824,456,Gas Premium,85,1190.0
001825,457,Car Wash,53,265.0
001826,457,Lottery Ticket,62,124.0
001827,457,Gas Premium,74,1036.0
001828,457,Gas Premium,74,1036.0
001829,458,Grocery Item,29,145.0
001830,458,Diesel,11,49.5
001831,458,Gasoline,40,320.0
001832,458,Dyed Diesel,100,2200.0
001833,459,Grocery Item,53,265.0
001834,459,Fuel Injector Cleaner,25,250.0
001835,459,Car Wash,47,235.0
001836,459,Lottery Ticket,66,132.0
001837,460,Gasoline,90,720.0
001838,460,Motor Oil,94,1034.0
001839,460,Gas Premium,14,196.0
001840,460,Fuel Stabilizer,71,603.5
001841,461,Gasoline,45,360.0
001842,461,Grocery Item,83,415.0
001843,461,Lottery Ticket,2,4.0
001844,461,Grocery Item,56,280.0
001845,462,G-fuel,43,128.57
001846,462,Gas Premium,89,1246.0
001847,462,Fuel Stabilizer,45,382.5
001848,462,Motor Oil,63,693.0
001849,463,Lottery Ticket,3,6.0
001850,463,Diesel,16,72.0
001851,463,Gasoline,67,536.0
001852,463,Cigarettes,61,610.0
001853,464,Gas Premium,4,56.0
001854,464,Cigarettes,59,590.0
001855,464,Fuel Stabilizer,93,790.5
001856,464,Lottery Ticket,25,50.0
001857,465,Gas Premium,89,1246.0
001858,465,Gas Premium,6,84.0
001859,465,Fuel Stabilizer,72,612.0
001860,465,Grocery Item,17,85.0
001861,466,G-fuel,84,251.16
001862,466,Diesel,88,396.0
001863,466,G-fuel,12,35.88
001864,466,Dyed Diesel,56,1232.0
001865,467,Diesel,57,256.5
001866,467,Cigarettes,31,310.0
001867,467,Motor Oil,74,814.0
001868,467,Fuel Stabilizer,11,93.5
001869,468,Fuel Stabilizer,38,323.0
001870,468,Car Wash,46,230.0
001871,468,Motor Oil,79,869.0
001872,468,Fuel Injector Cleaner,60,600.0
001873,469,Car Wash,57,285.0
001874,469,Fuel Injector Cleaner,28,280.0
001875,469,Gas Premium,20,280.0
001876,469,Antifreeze,49,735.0
001877,470,Fuel Stabilizer,33,280.5
001878,470,Diesel,75,337.5
001879,470,Antifreeze,4,60.0
001880,470,Fuel Injector Cleaner,15,150.0
001881,471,Cigarettes,59,590.0
001882,471,Antifreeze,21,315.0
001883,471,Cigarettes,33,330.0
001884,471,Fuel Stabilizer,4,34.0
001885,472,Diesel,15,67.5
001886,472,G-fuel,74,221.26
001887,472,Lottery Ticket,75,150.0
001888,472,Car Wash,95,475.0
001889,473,Fuel Stabilizer,30,255.0
001890,473,Fuel Injector Cleaner,10,100.0
001891,473,Antifreeze,82,1230.0
001892,473,Antifreeze,56,840.0
001893,474,Gasoline,93,744.0
001894,474,Gas Premium,31,434.0
001895,474,Diesel,90,405.0
001896,474,Grocery Item,83,415.0
001897,475,Fuel Stabilizer,79,671.5
001898,475,Dyed Diesel,92,2024.0
001899,475,Cigarettes,86,860.0
001900,475,Diesel,100,450.0
001901,476,Dyed Diesel,49,1078.0
001902,476,Grocery Item,56,280.0
001903,476,G-fuel,87,260.13
001904,476,Cigarettes,62,620.0
001905,477,Gas Premium,78,1092.0
001906,477,Fuel Stabilizer,22,187.0
001907,477,Antifreeze,65,975.0
001908,477,Car Wash,89,445.0
001909,478,Car Wash,98,490.0
001910,478,Car Wash,17,85.0
001911,478,Antifreeze,54,810.0
001912,478,Fuel Stabilizer,60,510.0
001913,479,Lottery Ticket,59,118.0
001914,479,Cigarettes,62,620.0
001915,479,Motor Oil,18,198.0
001916,479,Dyed Diesel,54,1188.0
001917,480,Lottery Ticket,35,70.0
001918,480,Car Wash,24,120.0
001919,480,Motor Oil,66,726.0
001920,480,Gasoline,9,72.0
001921,481,Fuel Stabilizer,65,552.5
001922,481,Lottery Ticket,41,82.0
001923,481,Gasoline,16,128.0
001924,481,Dyed Diesel,62,1364.0
001925,482,Grocery Item,47,235.0
001926,482,Cigarettes,83,830.0
001927,482,Motor Oil,30,330.0
001928,482,Fuel Injector Cleaner,52,520.0
001929,483,Dyed Diesel,85,1870.0
001930,483,Dyed Diesel,96,2112.0
001931,483,Gas Premium,62,868.0
001932,483,Gas Premium,56,784.0
001933,484,G-fuel,33,98.67
001934,484,Cigarettes,9,90.0
001935,484,Gasoline,10,80.0
001936,484,G-fuel,95,284.05
001937,485,Fuel Injector Cleaner,87,870.0
001938,485,Grocery Item,46,230.0
001939,485,Dyed Diesel,20,440.0
001940,485,Gas Premium,1,14.0
001941,486,Car Wash,75,375.0
001942,486,G-fuel,77,230.23
001943,486,G-fuel,73,218.27
001944,486,Fuel Stabilizer,3,25.5
001945,487,Car Wash,16,80.0
001946,487,Fuel Injector Cleaner,64,640.0
001947,487,Antifreeze,19,285.0
001948,487,Diesel,18,81.0
001949,488,G-fuel,70,209.3
001950,488,Antifreeze,82,1230.0
001951,488,Lottery Ticket,51,102.0
001952,488,Grocery Item,92,460.0
001953,489,Motor Oil,82,902.0
001954,489,G-fuel,49,146.51
001955,489,Cigarettes,53,530.0
001956,489,Antifreeze,10,150.0
001957,490,Fuel Stabilizer,51,433.5
001958,490,Lottery Ticket,98,196.0
001959,490,Diesel,77,346.5
001960,490,Fuel Stabilizer,43,365.5
001961,491,Motor Oil,75,825.0
001962,491,Dyed Diesel,12,264.0
001963,491,Cigarettes,30,300.0
001964,491,Dyed Diesel,61,1342.0
001965,492,Diesel,62,279.0
001966,492,G-fuel,64,191.36
001967,492,Diesel,42,189.0
001968,492,Fuel Injector Cleaner,33,330.0
001969,493,Fuel Stabilizer,55,467.5
001970,493,Motor Oil,84,924.0
001971,493,Gas Premium,30,420.0
001972,493,Fuel Stabilizer,91,773.5
001973,494,Gas Premium,79,1106.0
001974,494,Grocery Item,89,445.0
001975,494,Dyed Diesel,8,176.0
001976,494,G-fuel,26,77.74
001977,495,Cigarettes,54,540.0
001978,495,Motor Oil,3,33.0
001979,495,Dyed Diesel,19,418.0
001980,495,Antifreeze,62,930.0
001981,496,Fuel Stabilizer,66,561.0
001982,496,Cigarettes,33,330.0
001983,496,Fuel Injector Cleaner,76,760.0
001984,496,Diesel,80,360.0
001985,497,Lottery Ticket,20,40.0
001986,497,Diesel,79,355.5
001987,497,Car Wash,14,70.0
001988,497,Fuel Injector Cleaner,68,680.0
001989,498,Fuel Stabilizer,99,841.5
001990,498,Fuel Stabilizer,45,382.5
001991,498,Diesel,28,126.0
001992,498,Cigarettes,80,800.0
001993,499,Fuel Stabilizer,44,374.0
001994,499,Car Wash,2,10.0
001995,499,Antifreeze,59,885.0
001996,499,Dyed Diesel,16,352.0
001997,500,Grocery Item,82,410.0
001998,500,Fuel Injector Cleaner,2,20.0
001999,500,Diesel,2,9.0
002000,500,Cigarettes,91,910.0
002001,501,Gas Premium,64,896.0
002002,501,Car Wash,9,45.0
002003,501,Fuel Stabilizer,9,76.5
002004,501,Gas Premium,36,504.0
002005,502,G-fuel,7,20.93
002006,502,Fuel Stabilizer,8,68.0
002007,502,Grocery Item,19,95.0
002008,502,Motor Oil,64,704.0
002009,503,Dyed Diesel,74,1628.0
002010,503,Antifreeze,38,570.0
002011,503,Motor Oil,39,429.0
002012,503,Dyed Diesel,80,1760.0
002013,504,Gasoline,42,336.0
002014,504,Gas Premium,30,420.0
002015,504,Antifreeze,70,1050.0
002016,504,Gas Premium,74,1036.0
002017,505,Motor Oil,54,594.0
002018,505,Dyed Diesel,13,286.0
002019,505,Antifreeze,84,1260.0
002020,505,Gas Premium,77,1078.0
002021,506,Lottery Ticket,89,178.0
002022,506,Grocery Item,98,490.0
002023,506,Fuel Stabilizer,68,578.0
002024,506,Cigarettes,69,690.0
002025,507,Cigarettes,98,980.0
002026,507,Motor Oil,42,462.0
002027,507,Fuel Stabilizer,86,731.0
002028,507,Lottery Ticket,72,144.0
002029,508,Dyed Diesel,38,836.0
002030,508,Dyed Diesel,1,22.0
002031,508,Fuel Injector Cleaner,36,360.0
002032,508,Cigarettes,20,200.0
002033,509,G-fuel,2,5.98
002034,509,Grocery Item,97,485.0
002035,509,Motor Oil,35,385.0
002036,509,Gas Premium,73,1022.0
002037,510,Cigarettes,87,870.0
002038,510,G-fuel,17,50.83
002039,510,Diesel,51,229.5
002040,510,Dyed Diesel,54,1188.0
002041,511,G-fuel,43,128.57
002042,511,Car Wash,42,210.0
002043,511,Fuel Stabilizer,54,459.0
002044,511,Motor Oil,30,330.0
002045,512,Fuel Injector Cleaner,81,810.0
002046,512,G-fuel,50,149.5
002047,512,Dyed Diesel,73,1606.0
002048,512,Antifreeze,71,1065.0
002049,513,Car Wash,77,385.0
002050,513,Lottery Ticket,23,46.0
002051,513,Fuel Stabilizer,64,544.0
002052,513,Fuel Stabilizer,100,850.0
002053,514,Antifreeze,96,1440.0
002054,514,Car Wash,21,105.0
002055,514,G-fuel,40,119.6
002056,514,Grocery Item,56,280.0
002057,515,Car Wash,44,220.0
002058,515,Fuel Stabilizer,17,144.5
002059,515,Diesel,78,351.0
002060,515,Lottery Ticket,77,154.0
002061,516,Lottery Ticket,48,96.0
002062,516,Grocery Item,91,455.0
002063,516,Fuel Stabilizer,23,195.5
002064,516,G-fuel,25,74.75
002065,517,Diesel,56,252.0
002066,517,Gas Premium,57,798.0
002067,517,Dyed Diesel,34,748.0
002068,517,Motor Oil,68,748.0
002069,518,Fuel Injector Cleaner,56,560.0
002070,518,Gasoline,14,112.0
002071,518,Gasoline,19,152.0
002072,518,G-fuel,55,164.45
002073,519,Car Wash,13,65.0
002074,519,Cigarettes,7,70.0
002075,519,Dyed Diesel,96,2112.0
002076,519,Motor Oil,59,649.0
002077,520,Dyed Diesel,85,1870.0
002078,520,Cigarettes,63,630.0
002079,520,Antifreeze,8,120.0
002080,520,Dyed Diesel,55,1210.0
002081,521,Motor Oil,98,1078.0
002082,521,Fuel Stabilizer,54,459.0
002083,521,Cigarettes,80,800.0
002084,521,Lottery Ticket,46,92.0
002085,522,Cigarettes,95,950.0
002086,522,Grocery Item,81,405.0
002087,522,Lottery Ticket,54,108.0
002088,522,Motor Oil,53,583.0
002089,523,Lottery Ticket,22,44.0
002090,523,Fuel Stabilizer,91,773.5
002091,523,Diesel,46,207.0
002092,523,Cigarettes,12,120.0
002093,524,Motor Oil,3,33.0
002094,524,Antifreeze,16,240.0
002095,524,Grocery Item,84,420.0
002096,524,Fuel Stabilizer,64,544.0
002097,525,G-fuel,32,95.68
002098,525,Motor Oil,52,572.0
002099,525,Antifreeze,75,1125.0
002100,525,Dyed Diesel,22,484.0
002101,526,Antifreeze,48,720.0
002102,526,Antifreeze,7,105.0
002103,526,Fuel Stabilizer,32,272.0
002104,526,Gasoline,96,768.0
002105,527,G-fuel,8,23.92
002106,527,Gasoline,45,360.0
002107,527,Diesel,33,148.5
002108,527,Grocery Item,37,185.0
002109,528,Car Wash,78,390.0
002110,528,Lottery Ticket,26,52.0
002111,528,Grocery Item,90,450.0
002112,528,Dyed Diesel,77,1694.0
002113,529,Gasoline,41,328.0
002114,529,Cigarettes,4,40.0
002115,529,Gasoline,13,104.0
002116,529,Fuel Stabilizer,90,765.0
002117,530,G-fuel,37,110.63
002118,530,Cigarettes,34,340.0
002119,530,Fuel Stabilizer,67,569.5
002120,530,Diesel,77,346.5
002121,531,Lottery Ticket,50,100.0
002122,531,Grocery Item,71,355.0
002123,531,Dyed Diesel,26,572.0
002124,531,G-fuel,77,230.23
002125,532,Lottery Ticket,54,108.0
002126,532,G-fuel,7,20.93
002127,532,Antifreeze,94,1410.0
002128,532,Fuel Stabilizer,1,8.5
002129,533,Lottery Ticket,63,126.0
002130,533,Car Wash,21,105.0
002131,533,Lottery Ticket,45,90.0
002132,533,Lottery Ticket,42,84.0
002133,534,Antifreeze,16,240.0
002134,534,Cigarettes,59,590.0
002135,534,Lottery Ticket,21,42.0
002136,534,Antifreeze,24,360.0
002137,535,Fuel Stabilizer,72,612.0
002138,535,Cigarettes,85,850.0
002139,535,Motor Oil,22,242.0
002140,535,Dyed Diesel,51,1122.0
002141,536,Dyed Diesel,70,1540.0
002142,536,Fuel Injector Cleaner,64,640.0
002143,536,Fuel Stabilizer,52,442.0
002144,536,Gasoline,9,72.0
002145,537,Car Wash,56,280.0
002146,537,Cigarettes,22,220.0
002147,537,Antifreeze,71,1065.0
002148,537,Antifreeze,45,675.0
002149,538,Lottery Ticket,23,46.0
002150,538,Fuel Injector Cleaner,83,830.0
002151,538,Dyed Diesel,70,1540.0
002152,538,Fuel Injector Cleaner,25,250.0
002153,539,Antifreeze,15,225.0
002154,539,Diesel,85,382.5
002155,539,Fuel Stabilizer,8,68.0
002156,539,Grocery Item,27,135.0
002157,540,Gas Premium,6,84.0
002158,540,Gas Premium,64,896.0
002159,540,Gas Premium,45,630.0
002160,540,Lottery Ticket,77,154.0
002161,541,Antifreeze,59,885.0
002162,541,Gas Premium,73,1022.0
002163,541,Car Wash,18,90.0
002164,541,Grocery Item,89,445.0
002165,542,Grocery Item,14,70.0
002166,542,Lottery Ticket,50,100.0
002167,542,Fuel Injector Cleaner,55,550.0
002168,542,Dyed Diesel,5,110.0
002169,543,Gasoline,79,632.0
002170,543,Fuel Injector Cleaner,64,640.0
002171,543,G-fuel,3,8.97
002172,543,Antifreeze,60,900.0
002173,544,Cigarettes,20,200.0
002174,544,Dyed Diesel,37,814.0
002175,544,Fuel Stabilizer,76,646.0
002176,544,G-fuel,13,38.87
002177,545,Lottery Ticket,76,152.0
002178,545,Motor Oil,52,572.0
002179,545,Motor Oil,27,297.0
002180,545,Gas Premium,78,1092.0
002181,546,Motor Oil,69,759.0
002182,546,G-fuel,51,152.49
002183,546,Dyed Diesel,96,2112.0
002184,546,G-fuel,85,254.15
002185,547,G-fuel,78,233.22
002186,547,Antifreeze,80,1200.0
002187,547,Grocery Item,51,255.0
002188,547,Gas Premium,41,574.0
002189,548,G-fuel,53,158.47
002190,548,Motor Oil,24,264.0
002191,548,Diesel,70,315.0
002192,548,Grocery Item,15,75.0
002193,549,Cigarettes,73,730.0
002194,549,Fuel Injector Cleaner,77,770.0
002195,549,G-fuel,35,104.65
002196,549,Dyed Diesel,16,352.0
002197,550,Dyed Diesel,73,1606.0
002198,550,G-fuel,19,56.81
002199,550,Diesel,30,135.0
002200,550,Antifreeze,55,825.0
002201,551,Gasoline,60,480.0
002202,551,G-fuel,22,65.78
002203,551,Dyed Diesel,96,2112.0
002204,551,Fuel Injector Cleaner,89,890.0
002205,552,Grocery Item,46,230.0
002206,552,Gas Premium,22,308.0
002207,552,Motor Oil,55,605.0
002208,552,Motor Oil,42,462.0
002209,553,Cigarettes,12,120.0
002210,553,Gasoline,75,600.0
002211,553,Grocery Item,45,225.0
002212,553,G-fuel,38,113.62
002213,554,Diesel,34,153.0
002214,554,Car Wash,48,240.0
002215,554,Fuel Stabilizer,81,688.5
002216,554,Fuel Injector Cleaner,65,650.0
002217,555,Motor Oil,5,55.0
002218,555,Motor Oil,48,528.0
002219,555,Antifreeze,61,915.0
002220,555,Fuel Stabilizer,60,510.0
002221,556,Motor Oil,59,649.0
002222,556,Cigarettes,44,440.0
002223,556,Car Wash,53,265.0
002224,556,Car Wash,52,260.0
002225,557,G-fuel,8,23.92
002226,557,Lottery Ticket,8,16.0
002227,557,Car Wash,94,470.0
002228,557,G-fuel,67,200.33
002229,558,Diesel,27,121.5
002230,558,G-fuel,4,11.96
002231,558,Lottery Ticket,82,164.0
002232,558,Fuel Stabilizer,39,331.5
002233,559,Antifreeze,16,240.0
002234,559,Fuel Stabilizer,96,816.0
002235,559,Grocery Item,75,375.0
002236,559,Dyed Diesel,25,550.0
002237,560,Dyed Diesel,17,374.0
002238,560,Diesel,5,22.5
002239,560,Motor Oil,34,374.0
002240,560,Gas Premium,55,770.0
002241,561,Fuel Stabilizer,60,510.0
002242,561,Dyed Diesel,37,814.0
002243,561,Car Wash,22,110.0
002244,561,G-fuel,71,212.29
002245,562,Gas Premium,75,1050.0
002246,562,Motor Oil,69,759.0
002247,562,Fuel Stabilizer,77,654.5
002248,562,Gasoline,49,392.0
002249,563,Grocery Item,85,425.0
002250,563,Motor Oil,79,869.0
002251,563,Fuel Injector Cleaner,58,580.0
002252,563,Gas Premium,47,658.0
